Refreshing checks status every 60 seconds. Press Ctrl+C to quit.

Build images${{ (((github.event_name == 'pull_request_target') && (github.event.pull_request.head.repo.full_name == github.repository) && ' (internal PR noop)') || '') }}	skipping	0	https://github.com/antiwork/gumroad/actions/runs/35050716324/job/104650317333	
Compute relevant specs	skipping	0	https://github.com/antiwork/gumroad/actions/runs/35050714980/job/104650355891	
Compute relevant specs	skipping	0	https://github.com/antiwork/gumroad/actions/runs/35050716324/job/104650317696	
Lint JS/TS	skipping	0	https://github.com/antiwork/gumroad/actions/runs/35050716324/job/104650316899	
Lint Ruby	skipping	0	https://github.com/antiwork/gumroad/actions/runs/35050716324/job/104650317282	
Migration versions	skipping	0	https://github.com/antiwork/gumroad/actions/runs/35050716324/job/104650317444	
Reuse full suite	skipping	0	https://github.com/antiwork/gumroad/actions/runs/35050714980/job/104650312737	
Reuse full suite	skipping	0	https://github.com/antiwork/gumroad/actions/runs/35050716324/job/104650317341	
Run scope	skipping	0	https://github.com/antiwork/gumroad/actions/runs/35050716324/job/104650317489	
Test Fast ${{ matrix.ci_node_index }}${{ (((github.event_name == 'pull_request_target') && (github.event.pull_request.head.repo.full_name == github.repository) && ' (internal PR noop)') || '') }}	skipping	0	https://github.com/antiwork/gumroad/actions/runs/35050716324/job/104650317581	
Test Minitest ${{ matrix.ci_node_index }}${{ (((github.event_name == 'pull_request_target') && (github.event.pull_request.head.repo.full_name == github.repository) && ' (internal PR noop)') || '') }}	skipping	0	https://github.com/antiwork/gumroad/actions/runs/35050716324/job/104650317299	
Test Relevant ${{ matrix.ci_node_index }}${{ (((github.event_name == 'pull_request_target') && (github.event.pull_request.head.repo.full_name == github.repository) && ' (internal PR noop)') || '') }}	skipping	0	https://github.com/antiwork/gumroad/actions/runs/35050716324/job/104650317682	
Test Slow ${{ matrix.ci_node_index }}${{ (((github.event_name == 'pull_request_target') && (github.event.pull_request.head.repo.full_name == github.repository) && ' (internal PR noop)') || '') }}	skipping	0	https://github.com/antiwork/gumroad/actions/runs/35050716324/job/104650317625	
Typecheck TS	skipping	0	https://github.com/antiwork/gumroad/actions/runs/35050716324/job/104650316953	
Typecheck TS	pending	0	https://github.com/antiwork/gumroad/actions/runs/35050714980/job/104650311500	
Migration versions	pending	0	https://github.com/antiwork/gumroad/actions/runs/35050714980/job/104650311508	
Build images	pending	0	https://github.com/antiwork/gumroad/actions/runs/35050714980/job/104650311479	
Test Minitest 0	pending	0	https://github.com/antiwork/gumroad/actions/runs/35050714980/job/104650311594	
Unblock deployment from Buildkite	skipping	0	https://github.com/antiwork/gumroad/actions/runs/35050716324/job/104650318166	
Test Minitest 1	pending	0	https://github.com/antiwork/gumroad/actions/runs/35050714980/job/104650311485	
Lint Ruby	pending	0	https://github.com/antiwork/gumroad/actions/runs/35050714980/job/104650311470	
Lint JS/TS	pending	0	https://github.com/antiwork/gumroad/actions/runs/35050714980/job/104650311436	
Run scope	pass	6s	https://github.com/antiwork/gumroad/actions/runs/35050714980/job/104650311496	
CI Gate (internal PR noop)	pass	6s	https://github.com/antiwork/gumroad/actions/runs/35050716324/job/104650272037	
CI Gate	pass	6s	https://github.com/antiwork/gumroad/actions/runs/35050714980/job/104650267828	
deploy	pass	3s	https://github.com/antiwork/gumroad/actions/runs/35050714909/job/104650267467	
buildkite/gumroad	pending	0	https://buildkite.com/gumroad-inc/gumroad/builds/23259	Build #23259 started
Refreshing checks status every 60 seconds. Press Ctrl+C to quit.

Build images${{ (((github.event_name == 'pull_request_target') && (github.event.pull_request.head.repo.full_name == github.repository) && ' (internal PR noop)') || '') }}	skipping	0	https://github.com/antiwork/gumroad/actions/runs/35050716324/job/104650317333	
Compute relevant specs	skipping	0	https://github.com/antiwork/gumroad/actions/runs/35050714980/job/104650355891	
Compute relevant specs	skipping	0	https://github.com/antiwork/gumroad/actions/runs/35050716324/job/104650317696	
Lint JS/TS	skipping	0	https://github.com/antiwork/gumroad/actions/runs/35050716324/job/104650316899	
Lint Ruby	skipping	0	https://github.com/antiwork/gumroad/actions/runs/35050716324/job/104650317282	
Migration versions	skipping	0	https://github.com/antiwork/gumroad/actions/runs/35050716324/job/104650317444	
Reuse full suite	skipping	0	https://github.com/antiwork/gumroad/actions/runs/35050714980/job/104650312737	
Reuse full suite	skipping	0	https://github.com/antiwork/gumroad/actions/runs/35050716324/job/104650317341	
Build images	pending	0	https://github.com/antiwork/gumroad/actions/runs/35050714980/job/104650311479	
Unblock deployment from Buildkite	skipping	0	https://github.com/antiwork/gumroad/actions/runs/35050716324/job/104650318166	
Typecheck TS	skipping	0	https://github.com/antiwork/gumroad/actions/runs/35050716324/job/104650316953	
Run scope	pass	6s	https://github.com/antiwork/gumroad/actions/runs/35050714980/job/104650311496	
Lint Ruby	pass	1m18s	https://github.com/antiwork/gumroad/actions/runs/35050714980/job/104650311470	
Migration versions	pass	59s	https://github.com/antiwork/gumroad/actions/runs/35050714980/job/104650311508	
Run scope	skipping	0	https://github.com/antiwork/gumroad/actions/runs/35050716324/job/104650317489	
Test Relevant ${{ matrix.ci_node_index }}${{ (((github.event_name == 'pull_request_target') && (github.event.pull_request.head.repo.full_name == github.repository) && ' (internal PR noop)') || '') }}	skipping	0	https://github.com/antiwork/gumroad/actions/runs/35050716324/job/104650317682	
deploy	pass	3s	https://github.com/antiwork/gumroad/actions/runs/35050714909/job/104650267467	
CI Gate	pass	6s	https://github.com/antiwork/gumroad/actions/runs/35050714980/job/104650267828	
Test Slow ${{ matrix.ci_node_index }}${{ (((github.event_name == 'pull_request_target') && (github.event.pull_request.head.repo.full_name == github.repository) && ' (internal PR noop)') || '') }}	skipping	0	https://github.com/antiwork/gumroad/actions/runs/35050716324/job/104650317625	
CI Gate (internal PR noop)	pass	6s	https://github.com/antiwork/gumroad/actions/runs/35050716324/job/104650272037	
Test Minitest ${{ matrix.ci_node_index }}${{ (((github.event_name == 'pull_request_target') && (github.event.pull_request.head.repo.full_name == github.repository) && ' (internal PR noop)') || '') }}	skipping	0	https://github.com/antiwork/gumroad/actions/runs/35050716324/job/104650317299	
Test Fast ${{ matrix.ci_node_index }}${{ (((github.event_name == 'pull_request_target') && (github.event.pull_request.head.repo.full_name == github.repository) && ' (internal PR noop)') || '') }}	skipping	0	https://github.com/antiwork/gumroad/actions/runs/35050716324/job/104650317581	
Lint JS/TS	pending	0	https://github.com/antiwork/gumroad/actions/runs/35050714980/job/104650311436	
Test Minitest 0	pending	0	https://github.com/antiwork/gumroad/actions/runs/35050714980/job/104650311594	
Test Minitest 1	pending	0	https://github.com/antiwork/gumroad/actions/runs/35050714980/job/104650311485	
Typecheck TS	pending	0	https://github.com/antiwork/gumroad/actions/runs/35050714980/job/104650311500	
buildkite/gumroad	pending	0	https://buildkite.com/gumroad-inc/gumroad/builds/23259	Build #23259 started
Refreshing checks status every 60 seconds. Press Ctrl+C to quit.

Build images${{ (((github.event_name == 'pull_request_target') && (github.event.pull_request.head.repo.full_name == github.repository) && ' (internal PR noop)') || '') }}	skipping	0	https://github.com/antiwork/gumroad/actions/runs/35050716324/job/104650317333	
Compute relevant specs	skipping	0	https://github.com/antiwork/gumroad/actions/runs/35050714980/job/104650355891	
Compute relevant specs	skipping	0	https://github.com/antiwork/gumroad/actions/runs/35050716324/job/104650317696	
Lint JS/TS	skipping	0	https://github.com/antiwork/gumroad/actions/runs/35050716324/job/104650316899	
Lint Ruby	skipping	0	https://github.com/antiwork/gumroad/actions/runs/35050716324/job/104650317282	
Migration versions	skipping	0	https://github.com/antiwork/gumroad/actions/runs/35050716324/job/104650317444	
Reuse full suite	skipping	0	https://github.com/antiwork/gumroad/actions/runs/35050714980/job/104650312737	
Reuse full suite	skipping	0	https://github.com/antiwork/gumroad/actions/runs/35050716324/job/104650317341	
Build images	pending	0	https://github.com/antiwork/gumroad/actions/runs/35050714980/job/104650311479	
Typecheck TS	skipping	0	https://github.com/antiwork/gumroad/actions/runs/35050716324/job/104650316953	
Unblock deployment from Buildkite	skipping	0	https://github.com/antiwork/gumroad/actions/runs/35050716324/job/104650318166	
Run scope	pass	6s	https://github.com/antiwork/gumroad/actions/runs/35050714980/job/104650311496	
Lint Ruby	pass	1m18s	https://github.com/antiwork/gumroad/actions/runs/35050714980/job/104650311470	
Migration versions	pass	59s	https://github.com/antiwork/gumroad/actions/runs/35050714980/job/104650311508	
Run scope	skipping	0	https://github.com/antiwork/gumroad/actions/runs/35050716324/job/104650317489	
Test Relevant ${{ matrix.ci_node_index }}${{ (((github.event_name == 'pull_request_target') && (github.event.pull_request.head.repo.full_name == github.repository) && ' (internal PR noop)') || '') }}	skipping	0	https://github.com/antiwork/gumroad/actions/runs/35050716324/job/104650317682	
deploy	pass	3s	https://github.com/antiwork/gumroad/actions/runs/35050714909/job/104650267467	
CI Gate	pass	6s	https://github.com/antiwork/gumroad/actions/runs/35050714980/job/104650267828	
Test Slow ${{ matrix.ci_node_index }}${{ (((github.event_name == 'pull_request_target') && (github.event.pull_request.head.repo.full_name == github.repository) && ' (internal PR noop)') || '') }}	skipping	0	https://github.com/antiwork/gumroad/actions/runs/35050716324/job/104650317625	
CI Gate (internal PR noop)	pass	6s	https://github.com/antiwork/gumroad/actions/runs/35050716324/job/104650272037	
Test Minitest ${{ matrix.ci_node_index }}${{ (((github.event_name == 'pull_request_target') && (github.event.pull_request.head.repo.full_name == github.repository) && ' (internal PR noop)') || '') }}	skipping	0	https://github.com/antiwork/gumroad/actions/runs/35050716324/job/104650317299	
Test Fast ${{ matrix.ci_node_index }}${{ (((github.event_name == 'pull_request_target') && (github.event.pull_request.head.repo.full_name == github.repository) && ' (internal PR noop)') || '') }}	skipping	0	https://github.com/antiwork/gumroad/actions/runs/35050716324/job/104650317581	
Typecheck TS	pass	1m44s	https://github.com/antiwork/gumroad/actions/runs/35050714980/job/104650311500	
Lint JS/TS	pending	0	https://github.com/antiwork/gumroad/actions/runs/35050714980/job/104650311436	
Test Minitest 0	pending	0	https://github.com/antiwork/gumroad/actions/runs/35050714980/job/104650311594	
Test Minitest 1	pending	0	https://github.com/antiwork/gumroad/actions/runs/35050714980/job/104650311485	
buildkite/gumroad	pending	0	https://buildkite.com/gumroad-inc/gumroad/builds/23259	Build #23259 started
Refreshing checks status every 60 seconds. Press Ctrl+C to quit.

Build images${{ (((github.event_name == 'pull_request_target') && (github.event.pull_request.head.repo.full_name == github.repository) && ' (internal PR noop)') || '') }}	skipping	0	https://github.com/antiwork/gumroad/actions/runs/35050716324/job/104650317333	
Compute relevant specs	skipping	0	https://github.com/antiwork/gumroad/actions/runs/35050714980/job/104650355891	
Compute relevant specs	skipping	0	https://github.com/antiwork/gumroad/actions/runs/35050716324/job/104650317696	
Lint JS/TS	skipping	0	https://github.com/antiwork/gumroad/actions/runs/35050716324/job/104650316899	
Lint Ruby	skipping	0	https://github.com/antiwork/gumroad/actions/runs/35050716324/job/104650317282	
Migration versions	skipping	0	https://github.com/antiwork/gumroad/actions/runs/35050716324/job/104650317444	
Reuse full suite	skipping	0	https://github.com/antiwork/gumroad/actions/runs/35050714980/job/104650312737	
Reuse full suite	skipping	0	https://github.com/antiwork/gumroad/actions/runs/35050716324/job/104650317341	
Build images	pending	0	https://github.com/antiwork/gumroad/actions/runs/35050714980/job/104650311479	
Typecheck TS	skipping	0	https://github.com/antiwork/gumroad/actions/runs/35050716324/job/104650316953	
Unblock deployment from Buildkite	skipping	0	https://github.com/antiwork/gumroad/actions/runs/35050716324/job/104650318166	
Run scope	pass	6s	https://github.com/antiwork/gumroad/actions/runs/35050714980/job/104650311496	
Lint Ruby	pass	1m18s	https://github.com/antiwork/gumroad/actions/runs/35050714980/job/104650311470	
Migration versions	pass	59s	https://github.com/antiwork/gumroad/actions/runs/35050714980/job/104650311508	
Run scope	skipping	0	https://github.com/antiwork/gumroad/actions/runs/35050716324/job/104650317489	
Test Relevant ${{ matrix.ci_node_index }}${{ (((github.event_name == 'pull_request_target') && (github.event.pull_request.head.repo.full_name == github.repository) && ' (internal PR noop)') || '') }}	skipping	0	https://github.com/antiwork/gumroad/actions/runs/35050716324/job/104650317682	
deploy	pass	3s	https://github.com/antiwork/gumroad/actions/runs/35050714909/job/104650267467	
CI Gate	pass	6s	https://github.com/antiwork/gumroad/actions/runs/35050714980/job/104650267828	
Test Slow ${{ matrix.ci_node_index }}${{ (((github.event_name == 'pull_request_target') && (github.event.pull_request.head.repo.full_name == github.repository) && ' (internal PR noop)') || '') }}	skipping	0	https://github.com/antiwork/gumroad/actions/runs/35050716324/job/104650317625	
CI Gate (internal PR noop)	pass	6s	https://github.com/antiwork/gumroad/actions/runs/35050716324/job/104650272037	
Test Minitest ${{ matrix.ci_node_index }}${{ (((github.event_name == 'pull_request_target') && (github.event.pull_request.head.repo.full_name == github.repository) && ' (internal PR noop)') || '') }}	skipping	0	https://github.com/antiwork/gumroad/actions/runs/35050716324/job/104650317299	
Test Fast ${{ matrix.ci_node_index }}${{ (((github.event_name == 'pull_request_target') && (github.event.pull_request.head.repo.full_name == github.repository) && ' (internal PR noop)') || '') }}	skipping	0	https://github.com/antiwork/gumroad/actions/runs/35050716324/job/104650317581	
Typecheck TS	pass	1m44s	https://github.com/antiwork/gumroad/actions/runs/35050714980/job/104650311500	
Lint JS/TS	pending	0	https://github.com/antiwork/gumroad/actions/runs/35050714980/job/104650311436	
Test Minitest 0	pending	0	https://github.com/antiwork/gumroad/actions/runs/35050714980/job/104650311594	
Test Minitest 1	pending	0	https://github.com/antiwork/gumroad/actions/runs/35050714980/job/104650311485	
buildkite/gumroad	pending	0	https://buildkite.com/gumroad-inc/gumroad/builds/23259	Build #23259 started
Refreshing checks status every 60 seconds. Press Ctrl+C to quit.

Build images${{ (((github.event_name == 'pull_request_target') && (github.event.pull_request.head.repo.full_name == github.repository) && ' (internal PR noop)') || '') }}	skipping	0	https://github.com/antiwork/gumroad/actions/runs/35050716324/job/104650317333	
Compute relevant specs	skipping	0	https://github.com/antiwork/gumroad/actions/runs/35050714980/job/104650355891	
Compute relevant specs	skipping	0	https://github.com/antiwork/gumroad/actions/runs/35050716324/job/104650317696	
Lint JS/TS	skipping	0	https://github.com/antiwork/gumroad/actions/runs/35050716324/job/104650316899	
Lint Ruby	skipping	0	https://github.com/antiwork/gumroad/actions/runs/35050716324/job/104650317282	
Migration versions	skipping	0	https://github.com/antiwork/gumroad/actions/runs/35050716324/job/104650317444	
Reuse full suite	skipping	0	https://github.com/antiwork/gumroad/actions/runs/35050714980/job/104650312737	
Reuse full suite	skipping	0	https://github.com/antiwork/gumroad/actions/runs/35050716324/job/104650317341	
Build images	pending	0	https://github.com/antiwork/gumroad/actions/runs/35050714980/job/104650311479	
Typecheck TS	skipping	0	https://github.com/antiwork/gumroad/actions/runs/35050716324/job/104650316953	
Unblock deployment from Buildkite	skipping	0	https://github.com/antiwork/gumroad/actions/runs/35050716324/job/104650318166	
Run scope	pass	6s	https://github.com/antiwork/gumroad/actions/runs/35050714980/job/104650311496	
Lint Ruby	pass	1m18s	https://github.com/antiwork/gumroad/actions/runs/35050714980/job/104650311470	
Migration versions	pass	59s	https://github.com/antiwork/gumroad/actions/runs/35050714980/job/104650311508	
Run scope	skipping	0	https://github.com/antiwork/gumroad/actions/runs/35050716324/job/104650317489	
Test Relevant ${{ matrix.ci_node_index }}${{ (((github.event_name == 'pull_request_target') && (github.event.pull_request.head.repo.full_name == github.repository) && ' (internal PR noop)') || '') }}	skipping	0	https://github.com/antiwork/gumroad/actions/runs/35050716324/job/104650317682	
deploy	pass	3s	https://github.com/antiwork/gumroad/actions/runs/35050714909/job/104650267467	
CI Gate	pass	6s	https://github.com/antiwork/gumroad/actions/runs/35050714980/job/104650267828	
Test Slow ${{ matrix.ci_node_index }}${{ (((github.event_name == 'pull_request_target') && (github.event.pull_request.head.repo.full_name == github.repository) && ' (internal PR noop)') || '') }}	skipping	0	https://github.com/antiwork/gumroad/actions/runs/35050716324/job/104650317625	
CI Gate (internal PR noop)	pass	6s	https://github.com/antiwork/gumroad/actions/runs/35050716324/job/104650272037	
Test Minitest ${{ matrix.ci_node_index }}${{ (((github.event_name == 'pull_request_target') && (github.event.pull_request.head.repo.full_name == github.repository) && ' (internal PR noop)') || '') }}	skipping	0	https://github.com/antiwork/gumroad/actions/runs/35050716324/job/104650317299	
Test Fast ${{ matrix.ci_node_index }}${{ (((github.event_name == 'pull_request_target') && (github.event.pull_request.head.repo.full_name == github.repository) && ' (internal PR noop)') || '') }}	skipping	0	https://github.com/antiwork/gumroad/actions/runs/35050716324/job/104650317581	
Typecheck TS	pass	1m44s	https://github.com/antiwork/gumroad/actions/runs/35050714980/job/104650311500	
Lint JS/TS	pending	0	https://github.com/antiwork/gumroad/actions/runs/35050714980/job/104650311436	
Test Minitest 0	pending	0	https://github.com/antiwork/gumroad/actions/runs/35050714980/job/104650311594	
Test Minitest 1	pending	0	https://github.com/antiwork/gumroad/actions/runs/35050714980/job/104650311485	
buildkite/gumroad	pending	0	https://buildkite.com/gumroad-inc/gumroad/builds/23259	Build #23259 started
Refreshing checks status every 60 seconds. Press Ctrl+C to quit.

Build images${{ (((github.event_name == 'pull_request_target') && (github.event.pull_request.head.repo.full_name == github.repository) && ' (internal PR noop)') || '') }}	skipping	0	https://github.com/antiwork/gumroad/actions/runs/35050716324/job/104650317333	
Compute relevant specs	skipping	0	https://github.com/antiwork/gumroad/actions/runs/35050714980/job/104650355891	
Compute relevant specs	skipping	0	https://github.com/antiwork/gumroad/actions/runs/35050716324/job/104650317696	
Lint JS/TS	skipping	0	https://github.com/antiwork/gumroad/actions/runs/35050716324/job/104650316899	
Lint Ruby	skipping	0	https://github.com/antiwork/gumroad/actions/runs/35050716324/job/104650317282	
Migration versions	skipping	0	https://github.com/antiwork/gumroad/actions/runs/35050716324/job/104650317444	
Reuse full suite	skipping	0	https://github.com/antiwork/gumroad/actions/runs/35050714980/job/104650312737	
Reuse full suite	skipping	0	https://github.com/antiwork/gumroad/actions/runs/35050716324/job/104650317341	
Build images	pending	0	https://github.com/antiwork/gumroad/actions/runs/35050714980/job/104650311479	
Typecheck TS	skipping	0	https://github.com/antiwork/gumroad/actions/runs/35050716324/job/104650316953	
Unblock deployment from Buildkite	skipping	0	https://github.com/antiwork/gumroad/actions/runs/35050716324/job/104650318166	
Run scope	pass	6s	https://github.com/antiwork/gumroad/actions/runs/35050714980/job/104650311496	
Lint Ruby	pass	1m18s	https://github.com/antiwork/gumroad/actions/runs/35050714980/job/104650311470	
Migration versions	pass	59s	https://github.com/antiwork/gumroad/actions/runs/35050714980/job/104650311508	
Run scope	skipping	0	https://github.com/antiwork/gumroad/actions/runs/35050716324/job/104650317489	
Test Relevant ${{ matrix.ci_node_index }}${{ (((github.event_name == 'pull_request_target') && (github.event.pull_request.head.repo.full_name == github.repository) && ' (internal PR noop)') || '') }}	skipping	0	https://github.com/antiwork/gumroad/actions/runs/35050716324/job/104650317682	
deploy	pass	3s	https://github.com/antiwork/gumroad/actions/runs/35050714909/job/104650267467	
CI Gate	pass	6s	https://github.com/antiwork/gumroad/actions/runs/35050714980/job/104650267828	
Test Slow ${{ matrix.ci_node_index }}${{ (((github.event_name == 'pull_request_target') && (github.event.pull_request.head.repo.full_name == github.repository) && ' (internal PR noop)') || '') }}	skipping	0	https://github.com/antiwork/gumroad/actions/runs/35050716324/job/104650317625	
CI Gate (internal PR noop)	pass	6s	https://github.com/antiwork/gumroad/actions/runs/35050716324/job/104650272037	
Test Minitest ${{ matrix.ci_node_index }}${{ (((github.event_name == 'pull_request_target') && (github.event.pull_request.head.repo.full_name == github.repository) && ' (internal PR noop)') || '') }}	skipping	0	https://github.com/antiwork/gumroad/actions/runs/35050716324/job/104650317299	
Test Fast ${{ matrix.ci_node_index }}${{ (((github.event_name == 'pull_request_target') && (github.event.pull_request.head.repo.full_name == github.repository) && ' (internal PR noop)') || '') }}	skipping	0	https://github.com/antiwork/gumroad/actions/runs/35050716324/job/104650317581	
Typecheck TS	pass	1m44s	https://github.com/antiwork/gumroad/actions/runs/35050714980/job/104650311500	
Lint JS/TS	pending	0	https://github.com/antiwork/gumroad/actions/runs/35050714980/job/104650311436	
Test Minitest 0	pending	0	https://github.com/antiwork/gumroad/actions/runs/35050714980/job/104650311594	
Test Minitest 1	pending	0	https://github.com/antiwork/gumroad/actions/runs/35050714980/job/104650311485	
buildkite/gumroad	pending	0	https://buildkite.com/gumroad-inc/gumroad/builds/23259	Build #23259 started
Refreshing checks status every 60 seconds. Press Ctrl+C to quit.

Build images${{ (((github.event_name == 'pull_request_target') && (github.event.pull_request.head.repo.full_name == github.repository) && ' (internal PR noop)') || '') }}	skipping	0	https://github.com/antiwork/gumroad/actions/runs/35050716324/job/104650317333	
Compute relevant specs	skipping	0	https://github.com/antiwork/gumroad/actions/runs/35050714980/job/104650355891	
Compute relevant specs	skipping	0	https://github.com/antiwork/gumroad/actions/runs/35050716324/job/104650317696	
Lint JS/TS	skipping	0	https://github.com/antiwork/gumroad/actions/runs/35050716324/job/104650316899	
Lint Ruby	skipping	0	https://github.com/antiwork/gumroad/actions/runs/35050716324/job/104650317282	
Migration versions	skipping	0	https://github.com/antiwork/gumroad/actions/runs/35050716324/job/104650317444	
Reuse full suite	skipping	0	https://github.com/antiwork/gumroad/actions/runs/35050714980/job/104650312737	
Reuse full suite	skipping	0	https://github.com/antiwork/gumroad/actions/runs/35050716324/job/104650317341	
Lint Ruby	pass	1m18s	https://github.com/antiwork/gumroad/actions/runs/35050714980/job/104650311470	
Typecheck TS	skipping	0	https://github.com/antiwork/gumroad/actions/runs/35050716324/job/104650316953	
Unblock deployment from Buildkite	skipping	0	https://github.com/antiwork/gumroad/actions/runs/35050716324/job/104650318166	
buildkite/gumroad	pending	0	https://buildkite.com/gumroad-inc/gumroad/builds/23259	Build #23259 started
Test Minitest ${{ matrix.ci_node_index }}${{ (((github.event_name == 'pull_request_target') && (github.event.pull_request.head.repo.full_name == github.repository) && ' (internal PR noop)') || '') }}	skipping	0	https://github.com/antiwork/gumroad/actions/runs/35050716324/job/104650317299	
CI Gate	pass	6s	https://github.com/antiwork/gumroad/actions/runs/35050714980/job/104650267828	
Run scope	skipping	0	https://github.com/antiwork/gumroad/actions/runs/35050716324/job/104650317489	
Test Relevant ${{ matrix.ci_node_index }}${{ (((github.event_name == 'pull_request_target') && (github.event.pull_request.head.repo.full_name == github.repository) && ' (internal PR noop)') || '') }}	skipping	0	https://github.com/antiwork/gumroad/actions/runs/35050716324/job/104650317682	
Lint JS/TS	pass	5m53s	https://github.com/antiwork/gumroad/actions/runs/35050714980/job/104650311436	
Test Minitest 0	pending	0	https://github.com/antiwork/gumroad/actions/runs/35050714980/job/104650311594	
Test Slow ${{ matrix.ci_node_index }}${{ (((github.event_name == 'pull_request_target') && (github.event.pull_request.head.repo.full_name == github.repository) && ' (internal PR noop)') || '') }}	skipping	0	https://github.com/antiwork/gumroad/actions/runs/35050716324/job/104650317625	
Test Minitest 1	pending	0	https://github.com/antiwork/gumroad/actions/runs/35050714980/job/104650311485	
Build images	pending	0	https://github.com/antiwork/gumroad/actions/runs/35050714980/job/104650311479	
Test Fast ${{ matrix.ci_node_index }}${{ (((github.event_name == 'pull_request_target') && (github.event.pull_request.head.repo.full_name == github.repository) && ' (internal PR noop)') || '') }}	skipping	0	https://github.com/antiwork/gumroad/actions/runs/35050716324/job/104650317581	
CI Gate (internal PR noop)	pass	6s	https://github.com/antiwork/gumroad/actions/runs/35050716324/job/104650272037	
Migration versions	pass	59s	https://github.com/antiwork/gumroad/actions/runs/35050714980/job/104650311508	
Run scope	pass	6s	https://github.com/antiwork/gumroad/actions/runs/35050714980/job/104650311496	
Typecheck TS	pass	1m44s	https://github.com/antiwork/gumroad/actions/runs/35050714980/job/104650311500	
deploy	pass	3s	https://github.com/antiwork/gumroad/actions/runs/35050714909/job/104650267467	
Refreshing checks status every 60 seconds. Press Ctrl+C to quit.

Test Fast 0	pending	0	https://github.com/antiwork/gumroad/actions/runs/35050714980/job/104651626494	
Test Fast 1	pending	0	https://github.com/antiwork/gumroad/actions/runs/35050714980/job/104651626622	
Test Fast 10	pending	0	https://github.com/antiwork/gumroad/actions/runs/35050714980/job/104651626553	
Test Fast 11	pending	0	https://github.com/antiwork/gumroad/actions/runs/35050714980/job/104651626517	
Test Fast 12	pending	0	https://github.com/antiwork/gumroad/actions/runs/35050714980/job/104651626552	
Test Fast 13	pending	0	https://github.com/antiwork/gumroad/actions/runs/35050714980/job/104651626563	
Test Fast 14	pending	0	https://github.com/antiwork/gumroad/actions/runs/35050714980/job/104651626603	
Test Fast 15	pending	0	https://github.com/antiwork/gumroad/actions/runs/35050714980/job/104651626630	
Test Fast 16	pending	0	https://github.com/antiwork/gumroad/actions/runs/35050714980/job/104651626665	
Test Fast 17	pending	0	https://github.com/antiwork/gumroad/actions/runs/35050714980/job/104651626703	
Test Fast 2	pending	0	https://github.com/antiwork/gumroad/actions/runs/35050714980/job/104651626540	
Test Fast 3	pending	0	https://github.com/antiwork/gumroad/actions/runs/35050714980/job/104651626527	
Test Fast 4	pending	0	https://github.com/antiwork/gumroad/actions/runs/35050714980/job/104651626629	
Test Fast 5	pending	0	https://github.com/antiwork/gumroad/actions/runs/35050714980/job/104651626530	
Test Fast 6	pending	0	https://github.com/antiwork/gumroad/actions/runs/35050714980/job/104651626608	
Test Fast 7	pending	0	https://github.com/antiwork/gumroad/actions/runs/35050714980/job/104651626638	
Test Fast 8	pending	0	https://github.com/antiwork/gumroad/actions/runs/35050714980/job/104651626574	
Test Fast 9	pending	0	https://github.com/antiwork/gumroad/actions/runs/35050714980/job/104651626580	
Test Minitest 0	pending	0	https://github.com/antiwork/gumroad/actions/runs/35050714980/job/104650311594	
Test Minitest 1	pending	0	https://github.com/antiwork/gumroad/actions/runs/35050714980/job/104650311485	
Test Slow 0	pending	0	https://github.com/antiwork/gumroad/actions/runs/35050714980/job/104651627548	
Test Slow 1	pending	0	https://github.com/antiwork/gumroad/actions/runs/35050714980/job/104651627158	
Test Slow 10	pending	0	https://github.com/antiwork/gumroad/actions/runs/35050714980/job/104651627094	
Test Slow 11	pending	0	https://github.com/antiwork/gumroad/actions/runs/35050714980/job/104651627162	
Test Slow 12	pending	0	https://github.com/antiwork/gumroad/actions/runs/35050714980/job/104651627181	
Test Slow 13	pending	0	https://github.com/antiwork/gumroad/actions/runs/35050714980/job/104651627172	
Test Slow 14	pending	0	https://github.com/antiwork/gumroad/actions/runs/35050714980/job/104651627129	
Test Slow 15	pending	0	https://github.com/antiwork/gumroad/actions/runs/35050714980/job/104651627188	
Test Slow 16	pending	0	https://github.com/antiwork/gumroad/actions/runs/35050714980/job/104651627208	
Test Slow 17	pending	0	https://github.com/antiwork/gumroad/actions/runs/35050714980/job/104651627269	
Test Slow 18	pending	0	https://github.com/antiwork/gumroad/actions/runs/35050714980/job/104651627110	
Test Slow 19	pending	0	https://github.com/antiwork/gumroad/actions/runs/35050714980/job/104651627185	
Test Slow 2	pending	0	https://github.com/antiwork/gumroad/actions/runs/35050714980/job/104651627118	
Test Slow 20	pending	0	https://github.com/antiwork/gumroad/actions/runs/35050714980/job/104651627284	
Test Slow 21	pending	0	https://github.com/antiwork/gumroad/actions/runs/35050714980/job/104651627202	
Test Slow 22	pending	0	https://github.com/antiwork/gumroad/actions/runs/35050714980/job/104651627388	
Test Slow 23	pending	0	https://github.com/antiwork/gumroad/actions/runs/35050714980/job/104651627370	
Test Slow 24	pending	0	https://github.com/antiwork/gumroad/actions/runs/35050714980/job/104651627184	
Test Slow 25	pending	0	https://github.com/antiwork/gumroad/actions/runs/35050714980/job/104651627408	
Test Slow 26	pending	0	https://github.com/antiwork/gumroad/actions/runs/35050714980/job/104651627169	
Test Slow 27	pending	0	https://github.com/antiwork/gumroad/actions/runs/35050714980/job/104651627271	
Test Slow 28	pending	0	https://github.com/antiwork/gumroad/actions/runs/35050714980/job/104651627250	
Test Slow 29	pending	0	https://github.com/antiwork/gumroad/actions/runs/35050714980/job/104651627267	
Test Slow 3	pending	0	https://github.com/antiwork/gumroad/actions/runs/35050714980/job/104651627083	
Test Slow 30	pending	0	https://github.com/antiwork/gumroad/actions/runs/35050714980/job/104651627322	
Test Slow 31	pending	0	https://github.com/antiwork/gumroad/actions/runs/35050714980/job/104651627235	
Test Slow 32	pending	0	https://github.com/antiwork/gumroad/actions/runs/35050714980/job/104651627221	
Test Slow 33	pending	0	https://github.com/antiwork/gumroad/actions/runs/35050714980/job/104651627350	
Test Slow 34	pending	0	https://github.com/antiwork/gumroad/actions/runs/35050714980/job/104651627311	
Test Slow 35	pending	0	https://github.com/antiwork/gumroad/actions/runs/35050714980/job/104651627265	
Test Slow 36	pending	0	https://github.com/antiwork/gumroad/actions/runs/35050714980/job/104651627251	
Test Slow 37	pending	0	https://github.com/antiwork/gumroad/actions/runs/35050714980/job/104651627362	
Test Slow 38	pending	0	https://github.com/antiwork/gumroad/actions/runs/35050714980/job/104651627275	
Run scope	pass	6s	https://github.com/antiwork/gumroad/actions/runs/35050714980/job/104650311496	
Test Slow 4	pending	0	https://github.com/antiwork/gumroad/actions/runs/35050714980/job/104651627097	
Test Slow 8	pending	0	https://github.com/antiwork/gumroad/actions/runs/35050714980/job/104651627135	
Test Slow 9	pending	0	https://github.com/antiwork/gumroad/actions/runs/35050714980/job/104651627071	
Test Slow 39	pending	0	https://github.com/antiwork/gumroad/actions/runs/35050714980/job/104651627189	
Test Slow 43	pending	0	https://github.com/antiwork/gumroad/actions/runs/35050714980/job/104651627246	
Test Slow 48	pending	0	https://github.com/antiwork/gumroad/actions/runs/35050714980/job/104651627352	
Test Slow 49	pending	0	https://github.com/antiwork/gumroad/actions/runs/35050714980/job/104651627342	
Test Slow 7	pending	0	https://github.com/antiwork/gumroad/actions/runs/35050714980/job/104651627163	
Test Slow 47	pending	0	https://github.com/antiwork/gumroad/actions/runs/35050714980/job/104651627347	
Test Slow 40	pending	0	https://github.com/antiwork/gumroad/actions/runs/35050714980/job/104651627232	
Test Slow 5	pending	0	https://github.com/antiwork/gumroad/actions/runs/35050714980/job/104651627206	
Test Slow 44	pending	0	https://github.com/antiwork/gumroad/actions/runs/35050714980/job/104651627299	
Test Slow 42	pending	0	https://github.com/antiwork/gumroad/actions/runs/35050714980/job/104651627374	
Test Slow 46	pending	0	https://github.com/antiwork/gumroad/actions/runs/35050714980/job/104651627436	
Test Relevant ${{ matrix.ci_node_index }}${{ (((github.event_name == 'pull_request_target') && (github.event.pull_request.head.repo.full_name == github.repository) && ' (internal PR noop)') || '') }}	skipping	0	https://github.com/antiwork/gumroad/actions/runs/35050714980/job/104651627331	
Lint Ruby	pass	1m18s	https://github.com/antiwork/gumroad/actions/runs/35050714980/job/104650311470	
buildkite/gumroad	pending	0	https://buildkite.com/gumroad-inc/gumroad/builds/23259	Build #23259 started
Compute relevant specs	skipping	0	https://github.com/antiwork/gumroad/actions/runs/35050714980/job/104650355891	
Build images	pass	6m38s	https://github.com/antiwork/gumroad/actions/runs/35050714980/job/104650311479	
Test Slow 6	pending	0	https://github.com/antiwork/gumroad/actions/runs/35050714980/job/104651627072	
Lint JS/TS	pass	5m53s	https://github.com/antiwork/gumroad/actions/runs/35050714980/job/104650311436	
Migration versions	pass	59s	https://github.com/antiwork/gumroad/actions/runs/35050714980/job/104650311508	
Test Slow ${{ matrix.ci_node_index }}${{ (((github.event_name == 'pull_request_target') && (github.event.pull_request.head.repo.full_name == github.repository) && ' (internal PR noop)') || '') }}	skipping	0	https://github.com/antiwork/gumroad/actions/runs/35050716324/job/104650317625	
Test Slow 41	pending	0	https://github.com/antiwork/gumroad/actions/runs/35050714980/job/104651627297	
Test Fast ${{ matrix.ci_node_index }}${{ (((github.event_name == 'pull_request_target') && (github.event.pull_request.head.repo.full_name == github.repository) && ' (internal PR noop)') || '') }}	skipping	0	https://github.com/antiwork/gumroad/actions/runs/35050716324/job/104650317581	
Typecheck TS	skipping	0	https://github.com/antiwork/gumroad/actions/runs/35050716324/job/104650316953	
Migration versions	skipping	0	https://github.com/antiwork/gumroad/actions/runs/35050716324/job/104650317444	
Build images${{ (((github.event_name == 'pull_request_target') && (github.event.pull_request.head.repo.full_name == github.repository) && ' (internal PR noop)') || '') }}	skipping	0	https://github.com/antiwork/gumroad/actions/runs/35050716324/job/104650317333	
Lint JS/TS	skipping	0	https://github.com/antiwork/gumroad/actions/runs/35050716324/job/104650316899	
Unblock deployment from Buildkite	skipping	0	https://github.com/antiwork/gumroad/actions/runs/35050716324/job/104650318166	
Reuse full suite	skipping	0	https://github.com/antiwork/gumroad/actions/runs/35050716324/job/104650317341	
Lint Ruby	skipping	0	https://github.com/antiwork/gumroad/actions/runs/35050716324/job/104650317282	
Compute relevant specs	skipping	0	https://github.com/antiwork/gumroad/actions/runs/35050716324/job/104650317696	
Run scope	skipping	0	https://github.com/antiwork/gumroad/actions/runs/35050716324/job/104650317489	
Test Relevant ${{ matrix.ci_node_index }}${{ (((github.event_name == 'pull_request_target') && (github.event.pull_request.head.repo.full_name == github.repository) && ' (internal PR noop)') || '') }}	skipping	0	https://github.com/antiwork/gumroad/actions/runs/35050716324/job/104650317682	
Test Slow 45	pending	0	https://github.com/antiwork/gumroad/actions/runs/35050714980/job/104651627417	
Test Minitest ${{ matrix.ci_node_index }}${{ (((github.event_name == 'pull_request_target') && (github.event.pull_request.head.repo.full_name == github.repository) && ' (internal PR noop)') || '') }}	skipping	0	https://github.com/antiwork/gumroad/actions/runs/35050716324/job/104650317299	
Reuse full suite	skipping	0	https://github.com/antiwork/gumroad/actions/runs/35050714980/job/104650312737	
CI Gate (internal PR noop)	pass	6s	https://github.com/antiwork/gumroad/actions/runs/35050716324/job/104650272037	
CI Gate	pass	6s	https://github.com/antiwork/gumroad/actions/runs/35050714980/job/104650267828	
Typecheck TS	pass	1m44s	https://github.com/antiwork/gumroad/actions/runs/35050714980/job/104650311500	
deploy	pass	3s	https://github.com/antiwork/gumroad/actions/runs/35050714909/job/104650267467	
Refreshing checks status every 60 seconds. Press Ctrl+C to quit.

Test Fast 0	pending	0	https://github.com/antiwork/gumroad/actions/runs/35050714980/job/104651626494	
Test Fast 1	pending	0	https://github.com/antiwork/gumroad/actions/runs/35050714980/job/104651626622	
Test Fast 10	pending	0	https://github.com/antiwork/gumroad/actions/runs/35050714980/job/104651626553	
Test Fast 11	pending	0	https://github.com/antiwork/gumroad/actions/runs/35050714980/job/104651626517	
Test Fast 12	pending	0	https://github.com/antiwork/gumroad/actions/runs/35050714980/job/104651626552	
Test Fast 13	pending	0	https://github.com/antiwork/gumroad/actions/runs/35050714980/job/104651626563	
Test Fast 14	pending	0	https://github.com/antiwork/gumroad/actions/runs/35050714980/job/104651626603	
Test Fast 15	pending	0	https://github.com/antiwork/gumroad/actions/runs/35050714980/job/104651626630	
Test Fast 16	pending	0	https://github.com/antiwork/gumroad/actions/runs/35050714980/job/104651626665	
Test Fast 17	pending	0	https://github.com/antiwork/gumroad/actions/runs/35050714980/job/104651626703	
Test Fast 2	pending	0	https://github.com/antiwork/gumroad/actions/runs/35050714980/job/104651626540	
Test Fast 3	pending	0	https://github.com/antiwork/gumroad/actions/runs/35050714980/job/104651626527	
Test Fast 4	pending	0	https://github.com/antiwork/gumroad/actions/runs/35050714980/job/104651626629	
Test Fast 5	pending	0	https://github.com/antiwork/gumroad/actions/runs/35050714980/job/104651626530	
Test Fast 6	pending	0	https://github.com/antiwork/gumroad/actions/runs/35050714980/job/104651626608	
Test Fast 7	pending	0	https://github.com/antiwork/gumroad/actions/runs/35050714980/job/104651626638	
Test Fast 8	pending	0	https://github.com/antiwork/gumroad/actions/runs/35050714980/job/104651626574	
Test Fast 9	pending	0	https://github.com/antiwork/gumroad/actions/runs/35050714980/job/104651626580	
Test Slow 0	pending	0	https://github.com/antiwork/gumroad/actions/runs/35050714980/job/104651627548	
Test Slow 1	pending	0	https://github.com/antiwork/gumroad/actions/runs/35050714980/job/104651627158	
Test Slow 10	pending	0	https://github.com/antiwork/gumroad/actions/runs/35050714980/job/104651627094	
Test Slow 11	pending	0	https://github.com/antiwork/gumroad/actions/runs/35050714980/job/104651627162	
Test Slow 12	pending	0	https://github.com/antiwork/gumroad/actions/runs/35050714980/job/104651627181	
Test Slow 13	pending	0	https://github.com/antiwork/gumroad/actions/runs/35050714980/job/104651627172	
Test Slow 14	pending	0	https://github.com/antiwork/gumroad/actions/runs/35050714980/job/104651627129	
Test Slow 15	pending	0	https://github.com/antiwork/gumroad/actions/runs/35050714980/job/104651627188	
Test Slow 16	pending	0	https://github.com/antiwork/gumroad/actions/runs/35050714980/job/104651627208	
Test Slow 17	pending	0	https://github.com/antiwork/gumroad/actions/runs/35050714980/job/104651627269	
Test Slow 18	pending	0	https://github.com/antiwork/gumroad/actions/runs/35050714980/job/104651627110	
Test Slow 19	pending	0	https://github.com/antiwork/gumroad/actions/runs/35050714980/job/104651627185	
Test Slow 2	pending	0	https://github.com/antiwork/gumroad/actions/runs/35050714980/job/104651627118	
Test Slow 20	pending	0	https://github.com/antiwork/gumroad/actions/runs/35050714980/job/104651627284	
Test Slow 21	pending	0	https://github.com/antiwork/gumroad/actions/runs/35050714980/job/104651627202	
Test Slow 22	pending	0	https://github.com/antiwork/gumroad/actions/runs/35050714980/job/104651627388	
Test Slow 23	pending	0	https://github.com/antiwork/gumroad/actions/runs/35050714980/job/104651627370	
Test Slow 24	pending	0	https://github.com/antiwork/gumroad/actions/runs/35050714980/job/104651627184	
Test Slow 25	pending	0	https://github.com/antiwork/gumroad/actions/runs/35050714980/job/104651627408	
Test Slow 26	pending	0	https://github.com/antiwork/gumroad/actions/runs/35050714980/job/104651627169	
Test Slow 27	pending	0	https://github.com/antiwork/gumroad/actions/runs/35050714980/job/104651627271	
Test Slow 28	pending	0	https://github.com/antiwork/gumroad/actions/runs/35050714980/job/104651627250	
Test Slow 29	pending	0	https://github.com/antiwork/gumroad/actions/runs/35050714980/job/104651627267	
Test Slow 3	pending	0	https://github.com/antiwork/gumroad/actions/runs/35050714980/job/104651627083	
Test Slow 30	pending	0	https://github.com/antiwork/gumroad/actions/runs/35050714980/job/104651627322	
Test Slow 31	pending	0	https://github.com/antiwork/gumroad/actions/runs/35050714980/job/104651627235	
Test Slow 32	pending	0	https://github.com/antiwork/gumroad/actions/runs/35050714980/job/104651627221	
Test Slow 33	pending	0	https://github.com/antiwork/gumroad/actions/runs/35050714980/job/104651627350	
Test Slow 34	pending	0	https://github.com/antiwork/gumroad/actions/runs/35050714980/job/104651627311	
Test Slow 35	pending	0	https://github.com/antiwork/gumroad/actions/runs/35050714980/job/104651627265	
Test Slow 36	pending	0	https://github.com/antiwork/gumroad/actions/runs/35050714980/job/104651627251	
Test Slow 37	pending	0	https://github.com/antiwork/gumroad/actions/runs/35050714980/job/104651627362	
Test Slow 38	pending	0	https://github.com/antiwork/gumroad/actions/runs/35050714980/job/104651627275	
Run scope	pass	6s	https://github.com/antiwork/gumroad/actions/runs/35050714980/job/104650311496	
Test Slow 4	pending	0	https://github.com/antiwork/gumroad/actions/runs/35050714980/job/104651627097	
Test Slow 8	pending	0	https://github.com/antiwork/gumroad/actions/runs/35050714980/job/104651627135	
Test Slow 9	pending	0	https://github.com/antiwork/gumroad/actions/runs/35050714980/job/104651627071	
Test Slow 39	pending	0	https://github.com/antiwork/gumroad/actions/runs/35050714980/job/104651627189	
Test Slow 43	pending	0	https://github.com/antiwork/gumroad/actions/runs/35050714980/job/104651627246	
Test Slow 48	pending	0	https://github.com/antiwork/gumroad/actions/runs/35050714980/job/104651627352	
Test Slow 49	pending	0	https://github.com/antiwork/gumroad/actions/runs/35050714980/job/104651627342	
Test Slow 7	pending	0	https://github.com/antiwork/gumroad/actions/runs/35050714980/job/104651627163	
Test Slow 47	pending	0	https://github.com/antiwork/gumroad/actions/runs/35050714980/job/104651627347	
Test Slow 40	pending	0	https://github.com/antiwork/gumroad/actions/runs/35050714980/job/104651627232	
Test Slow 5	pending	0	https://github.com/antiwork/gumroad/actions/runs/35050714980/job/104651627206	
Test Slow 44	pending	0	https://github.com/antiwork/gumroad/actions/runs/35050714980/job/104651627299	
Test Slow 42	pending	0	https://github.com/antiwork/gumroad/actions/runs/35050714980/job/104651627374	
Test Slow 46	pending	0	https://github.com/antiwork/gumroad/actions/runs/35050714980/job/104651627436	
Test Slow 41	pending	0	https://github.com/antiwork/gumroad/actions/runs/35050714980/job/104651627297	
Test Slow 45	pending	0	https://github.com/antiwork/gumroad/actions/runs/35050714980/job/104651627417	
Test Relevant ${{ matrix.ci_node_index }}${{ (((github.event_name == 'pull_request_target') && (github.event.pull_request.head.repo.full_name == github.repository) && ' (internal PR noop)') || '') }}	skipping	0	https://github.com/antiwork/gumroad/actions/runs/35050714980/job/104651627331	
Lint Ruby	pass	1m18s	https://github.com/antiwork/gumroad/actions/runs/35050714980/job/104650311470	
buildkite/gumroad	pending	0	https://buildkite.com/gumroad-inc/gumroad/builds/23259	Build #23259 started
Compute relevant specs	skipping	0	https://github.com/antiwork/gumroad/actions/runs/35050714980/job/104650355891	
Build images	pass	6m38s	https://github.com/antiwork/gumroad/actions/runs/35050714980/job/104650311479	
Test Slow 6	pending	0	https://github.com/antiwork/gumroad/actions/runs/35050714980/job/104651627072	
Lint JS/TS	pass	5m53s	https://github.com/antiwork/gumroad/actions/runs/35050714980/job/104650311436	
Migration versions	pass	59s	https://github.com/antiwork/gumroad/actions/runs/35050714980/job/104650311508	
Test Slow ${{ matrix.ci_node_index }}${{ (((github.event_name == 'pull_request_target') && (github.event.pull_request.head.repo.full_name == github.repository) && ' (internal PR noop)') || '') }}	skipping	0	https://github.com/antiwork/gumroad/actions/runs/35050716324/job/104650317625	
Test Minitest ${{ matrix.ci_node_index }}${{ (((github.event_name == 'pull_request_target') && (github.event.pull_request.head.repo.full_name == github.repository) && ' (internal PR noop)') || '') }}	skipping	0	https://github.com/antiwork/gumroad/actions/runs/35050716324/job/104650317299	
Test Fast ${{ matrix.ci_node_index }}${{ (((github.event_name == 'pull_request_target') && (github.event.pull_request.head.repo.full_name == github.repository) && ' (internal PR noop)') || '') }}	skipping	0	https://github.com/antiwork/gumroad/actions/runs/35050716324/job/104650317581	
Typecheck TS	skipping	0	https://github.com/antiwork/gumroad/actions/runs/35050716324/job/104650316953	
Migration versions	skipping	0	https://github.com/antiwork/gumroad/actions/runs/35050716324/job/104650317444	
Build images${{ (((github.event_name == 'pull_request_target') && (github.event.pull_request.head.repo.full_name == github.repository) && ' (internal PR noop)') || '') }}	skipping	0	https://github.com/antiwork/gumroad/actions/runs/35050716324/job/104650317333	
Lint JS/TS	skipping	0	https://github.com/antiwork/gumroad/actions/runs/35050716324/job/104650316899	
Unblock deployment from Buildkite	skipping	0	https://github.com/antiwork/gumroad/actions/runs/35050716324/job/104650318166	
Reuse full suite	skipping	0	https://github.com/antiwork/gumroad/actions/runs/35050716324/job/104650317341	
Lint Ruby	skipping	0	https://github.com/antiwork/gumroad/actions/runs/35050716324/job/104650317282	
Compute relevant specs	skipping	0	https://github.com/antiwork/gumroad/actions/runs/35050716324/job/104650317696	
Run scope	skipping	0	https://github.com/antiwork/gumroad/actions/runs/35050716324/job/104650317489	
Test Relevant ${{ matrix.ci_node_index }}${{ (((github.event_name == 'pull_request_target') && (github.event.pull_request.head.repo.full_name == github.repository) && ' (internal PR noop)') || '') }}	skipping	0	https://github.com/antiwork/gumroad/actions/runs/35050716324/job/104650317682	
CI Gate	pass	6s	https://github.com/antiwork/gumroad/actions/runs/35050714980/job/104650267828	
CI Gate (internal PR noop)	pass	6s	https://github.com/antiwork/gumroad/actions/runs/35050716324/job/104650272037	
Reuse full suite	skipping	0	https://github.com/antiwork/gumroad/actions/runs/35050714980/job/104650312737	
Test Minitest 0	pass	8m7s	https://github.com/antiwork/gumroad/actions/runs/35050714980/job/104650311594	
Test Minitest 1	pass	8m22s	https://github.com/antiwork/gumroad/actions/runs/35050714980/job/104650311485	
Typecheck TS	pass	1m44s	https://github.com/antiwork/gumroad/actions/runs/35050714980/job/104650311500	
deploy	pass	3s	https://github.com/antiwork/gumroad/actions/runs/35050714909/job/104650267467	
Refreshing checks status every 60 seconds. Press Ctrl+C to quit.

Test Fast 0	pending	0	https://github.com/antiwork/gumroad/actions/runs/35050714980/job/104651626494	
Test Fast 1	pending	0	https://github.com/antiwork/gumroad/actions/runs/35050714980/job/104651626622	
Test Fast 10	pending	0	https://github.com/antiwork/gumroad/actions/runs/35050714980/job/104651626553	
Test Fast 11	pending	0	https://github.com/antiwork/gumroad/actions/runs/35050714980/job/104651626517	
Test Fast 12	pending	0	https://github.com/antiwork/gumroad/actions/runs/35050714980/job/104651626552	
Test Fast 13	pending	0	https://github.com/antiwork/gumroad/actions/runs/35050714980/job/104651626563	
Test Fast 14	pending	0	https://github.com/antiwork/gumroad/actions/runs/35050714980/job/104651626603	
Test Fast 15	pending	0	https://github.com/antiwork/gumroad/actions/runs/35050714980/job/104651626630	
Test Fast 16	pending	0	https://github.com/antiwork/gumroad/actions/runs/35050714980/job/104651626665	
Test Fast 17	pending	0	https://github.com/antiwork/gumroad/actions/runs/35050714980/job/104651626703	
Test Fast 2	pending	0	https://github.com/antiwork/gumroad/actions/runs/35050714980/job/104651626540	
Test Fast 3	pending	0	https://github.com/antiwork/gumroad/actions/runs/35050714980/job/104651626527	
Test Fast 4	pending	0	https://github.com/antiwork/gumroad/actions/runs/35050714980/job/104651626629	
Test Fast 5	pending	0	https://github.com/antiwork/gumroad/actions/runs/35050714980/job/104651626530	
Test Fast 6	pending	0	https://github.com/antiwork/gumroad/actions/runs/35050714980/job/104651626608	
Test Fast 7	pending	0	https://github.com/antiwork/gumroad/actions/runs/35050714980/job/104651626638	
Test Fast 8	pending	0	https://github.com/antiwork/gumroad/actions/runs/35050714980/job/104651626574	
Test Fast 9	pending	0	https://github.com/antiwork/gumroad/actions/runs/35050714980/job/104651626580	
Test Slow 0	pending	0	https://github.com/antiwork/gumroad/actions/runs/35050714980/job/104651627548	
Test Slow 1	pending	0	https://github.com/antiwork/gumroad/actions/runs/35050714980/job/104651627158	
Test Slow 10	pending	0	https://github.com/antiwork/gumroad/actions/runs/35050714980/job/104651627094	
Test Slow 11	pending	0	https://github.com/antiwork/gumroad/actions/runs/35050714980/job/104651627162	
Test Slow 12	pending	0	https://github.com/antiwork/gumroad/actions/runs/35050714980/job/104651627181	
Test Slow 13	pending	0	https://github.com/antiwork/gumroad/actions/runs/35050714980/job/104651627172	
Test Slow 14	pending	0	https://github.com/antiwork/gumroad/actions/runs/35050714980/job/104651627129	
Test Slow 15	pending	0	https://github.com/antiwork/gumroad/actions/runs/35050714980/job/104651627188	
Test Slow 16	pending	0	https://github.com/antiwork/gumroad/actions/runs/35050714980/job/104651627208	
Test Slow 17	pending	0	https://github.com/antiwork/gumroad/actions/runs/35050714980/job/104651627269	
Test Slow 18	pending	0	https://github.com/antiwork/gumroad/actions/runs/35050714980/job/104651627110	
Test Slow 19	pending	0	https://github.com/antiwork/gumroad/actions/runs/35050714980/job/104651627185	
Test Slow 2	pending	0	https://github.com/antiwork/gumroad/actions/runs/35050714980/job/104651627118	
Test Slow 20	pending	0	https://github.com/antiwork/gumroad/actions/runs/35050714980/job/104651627284	
Test Slow 21	pending	0	https://github.com/antiwork/gumroad/actions/runs/35050714980/job/104651627202	
Test Slow 22	pending	0	https://github.com/antiwork/gumroad/actions/runs/35050714980/job/104651627388	
Test Slow 23	pending	0	https://github.com/antiwork/gumroad/actions/runs/35050714980/job/104651627370	
Test Slow 24	pending	0	https://github.com/antiwork/gumroad/actions/runs/35050714980/job/104651627184	
Test Slow 25	pending	0	https://github.com/antiwork/gumroad/actions/runs/35050714980/job/104651627408	
Test Slow 26	pending	0	https://github.com/antiwork/gumroad/actions/runs/35050714980/job/104651627169	
Test Slow 27	pending	0	https://github.com/antiwork/gumroad/actions/runs/35050714980/job/104651627271	
Test Slow 28	pending	0	https://github.com/antiwork/gumroad/actions/runs/35050714980/job/104651627250	
Test Slow 29	pending	0	https://github.com/antiwork/gumroad/actions/runs/35050714980/job/104651627267	
Test Slow 3	pending	0	https://github.com/antiwork/gumroad/actions/runs/35050714980/job/104651627083	
Test Slow 30	pending	0	https://github.com/antiwork/gumroad/actions/runs/35050714980/job/104651627322	
Test Slow 31	pending	0	https://github.com/antiwork/gumroad/actions/runs/35050714980/job/104651627235	
Test Slow 32	pending	0	https://github.com/antiwork/gumroad/actions/runs/35050714980/job/104651627221	
Test Slow 33	pending	0	https://github.com/antiwork/gumroad/actions/runs/35050714980/job/104651627350	
Test Slow 34	pending	0	https://github.com/antiwork/gumroad/actions/runs/35050714980/job/104651627311	
Test Slow 35	pending	0	https://github.com/antiwork/gumroad/actions/runs/35050714980/job/104651627265	
Test Slow 36	pending	0	https://github.com/antiwork/gumroad/actions/runs/35050714980/job/104651627251	
Test Slow 37	pending	0	https://github.com/antiwork/gumroad/actions/runs/35050714980/job/104651627362	
Test Slow 38	pending	0	https://github.com/antiwork/gumroad/actions/runs/35050714980/job/104651627275	
Run scope	pass	6s	https://github.com/antiwork/gumroad/actions/runs/35050714980/job/104650311496	
Test Slow 4	pending	0	https://github.com/antiwork/gumroad/actions/runs/35050714980/job/104651627097	
Test Slow 8	pending	0	https://github.com/antiwork/gumroad/actions/runs/35050714980/job/104651627135	
Test Slow 9	pending	0	https://github.com/antiwork/gumroad/actions/runs/35050714980/job/104651627071	
Test Slow 39	pending	0	https://github.com/antiwork/gumroad/actions/runs/35050714980/job/104651627189	
Test Slow 43	pending	0	https://github.com/antiwork/gumroad/actions/runs/35050714980/job/104651627246	
Test Slow 48	pending	0	https://github.com/antiwork/gumroad/actions/runs/35050714980/job/104651627352	
Test Slow 49	pending	0	https://github.com/antiwork/gumroad/actions/runs/35050714980/job/104651627342	
Test Slow 7	pending	0	https://github.com/antiwork/gumroad/actions/runs/35050714980/job/104651627163	
Test Slow 47	pending	0	https://github.com/antiwork/gumroad/actions/runs/35050714980/job/104651627347	
Test Slow 40	pending	0	https://github.com/antiwork/gumroad/actions/runs/35050714980/job/104651627232	
Test Slow 5	pending	0	https://github.com/antiwork/gumroad/actions/runs/35050714980/job/104651627206	
Test Slow 44	pending	0	https://github.com/antiwork/gumroad/actions/runs/35050714980/job/104651627299	
Test Slow 42	pending	0	https://github.com/antiwork/gumroad/actions/runs/35050714980/job/104651627374	
Test Slow 46	pending	0	https://github.com/antiwork/gumroad/actions/runs/35050714980/job/104651627436	
Test Slow 41	pending	0	https://github.com/antiwork/gumroad/actions/runs/35050714980/job/104651627297	
Test Slow 45	pending	0	https://github.com/antiwork/gumroad/actions/runs/35050714980/job/104651627417	
Test Relevant ${{ matrix.ci_node_index }}${{ (((github.event_name == 'pull_request_target') && (github.event.pull_request.head.repo.full_name == github.repository) && ' (internal PR noop)') || '') }}	skipping	0	https://github.com/antiwork/gumroad/actions/runs/35050714980/job/104651627331	
Lint Ruby	pass	1m18s	https://github.com/antiwork/gumroad/actions/runs/35050714980/job/104650311470	
buildkite/gumroad	pending	0	https://buildkite.com/gumroad-inc/gumroad/builds/23259	Build #23259 started
Compute relevant specs	skipping	0	https://github.com/antiwork/gumroad/actions/runs/35050714980/job/104650355891	
Build images	pass	6m38s	https://github.com/antiwork/gumroad/actions/runs/35050714980/job/104650311479	
Test Slow 6	pending	0	https://github.com/antiwork/gumroad/actions/runs/35050714980/job/104651627072	
Lint JS/TS	pass	5m53s	https://github.com/antiwork/gumroad/actions/runs/35050714980/job/104650311436	
Migration versions	pass	59s	https://github.com/antiwork/gumroad/actions/runs/35050714980/job/104650311508	
Test Slow ${{ matrix.ci_node_index }}${{ (((github.event_name == 'pull_request_target') && (github.event.pull_request.head.repo.full_name == github.repository) && ' (internal PR noop)') || '') }}	skipping	0	https://github.com/antiwork/gumroad/actions/runs/35050716324/job/104650317625	
Test Minitest ${{ matrix.ci_node_index }}${{ (((github.event_name == 'pull_request_target') && (github.event.pull_request.head.repo.full_name == github.repository) && ' (internal PR noop)') || '') }}	skipping	0	https://github.com/antiwork/gumroad/actions/runs/35050716324/job/104650317299	
Test Fast ${{ matrix.ci_node_index }}${{ (((github.event_name == 'pull_request_target') && (github.event.pull_request.head.repo.full_name == github.repository) && ' (internal PR noop)') || '') }}	skipping	0	https://github.com/antiwork/gumroad/actions/runs/35050716324/job/104650317581	
Typecheck TS	skipping	0	https://github.com/antiwork/gumroad/actions/runs/35050716324/job/104650316953	
Migration versions	skipping	0	https://github.com/antiwork/gumroad/actions/runs/35050716324/job/104650317444	
Build images${{ (((github.event_name == 'pull_request_target') && (github.event.pull_request.head.repo.full_name == github.repository) && ' (internal PR noop)') || '') }}	skipping	0	https://github.com/antiwork/gumroad/actions/runs/35050716324/job/104650317333	
Lint JS/TS	skipping	0	https://github.com/antiwork/gumroad/actions/runs/35050716324/job/104650316899	
Unblock deployment from Buildkite	skipping	0	https://github.com/antiwork/gumroad/actions/runs/35050716324/job/104650318166	
Reuse full suite	skipping	0	https://github.com/antiwork/gumroad/actions/runs/35050716324/job/104650317341	
Lint Ruby	skipping	0	https://github.com/antiwork/gumroad/actions/runs/35050716324/job/104650317282	
Compute relevant specs	skipping	0	https://github.com/antiwork/gumroad/actions/runs/35050716324/job/104650317696	
Run scope	skipping	0	https://github.com/antiwork/gumroad/actions/runs/35050716324/job/104650317489	
Test Relevant ${{ matrix.ci_node_index }}${{ (((github.event_name == 'pull_request_target') && (github.event.pull_request.head.repo.full_name == github.repository) && ' (internal PR noop)') || '') }}	skipping	0	https://github.com/antiwork/gumroad/actions/runs/35050716324/job/104650317682	
CI Gate	pass	6s	https://github.com/antiwork/gumroad/actions/runs/35050714980/job/104650267828	
CI Gate (internal PR noop)	pass	6s	https://github.com/antiwork/gumroad/actions/runs/35050716324/job/104650272037	
Reuse full suite	skipping	0	https://github.com/antiwork/gumroad/actions/runs/35050714980/job/104650312737	
Test Minitest 0	pass	8m7s	https://github.com/antiwork/gumroad/actions/runs/35050714980/job/104650311594	
Test Minitest 1	pass	8m22s	https://github.com/antiwork/gumroad/actions/runs/35050714980/job/104650311485	
Typecheck TS	pass	1m44s	https://github.com/antiwork/gumroad/actions/runs/35050714980/job/104650311500	
deploy	pass	3s	https://github.com/antiwork/gumroad/actions/runs/35050714909/job/104650267467	
Refreshing checks status every 60 seconds. Press Ctrl+C to quit.

Test Fast 0	pending	0	https://github.com/antiwork/gumroad/actions/runs/35050714980/job/104651626494	
Test Fast 1	pending	0	https://github.com/antiwork/gumroad/actions/runs/35050714980/job/104651626622	
Test Fast 10	pending	0	https://github.com/antiwork/gumroad/actions/runs/35050714980/job/104651626553	
Test Fast 11	pending	0	https://github.com/antiwork/gumroad/actions/runs/35050714980/job/104651626517	
Test Fast 12	pending	0	https://github.com/antiwork/gumroad/actions/runs/35050714980/job/104651626552	
Test Fast 13	pending	0	https://github.com/antiwork/gumroad/actions/runs/35050714980/job/104651626563	
Test Fast 14	pending	0	https://github.com/antiwork/gumroad/actions/runs/35050714980/job/104651626603	
Test Fast 15	pending	0	https://github.com/antiwork/gumroad/actions/runs/35050714980/job/104651626630	
Test Fast 16	pending	0	https://github.com/antiwork/gumroad/actions/runs/35050714980/job/104651626665	
Test Fast 17	pending	0	https://github.com/antiwork/gumroad/actions/runs/35050714980/job/104651626703	
Test Fast 2	pending	0	https://github.com/antiwork/gumroad/actions/runs/35050714980/job/104651626540	
Test Fast 3	pending	0	https://github.com/antiwork/gumroad/actions/runs/35050714980/job/104651626527	
Test Fast 4	pending	0	https://github.com/antiwork/gumroad/actions/runs/35050714980/job/104651626629	
Test Fast 5	pending	0	https://github.com/antiwork/gumroad/actions/runs/35050714980/job/104651626530	
Test Fast 6	pending	0	https://github.com/antiwork/gumroad/actions/runs/35050714980/job/104651626608	
Test Fast 7	pending	0	https://github.com/antiwork/gumroad/actions/runs/35050714980/job/104651626638	
Test Fast 8	pending	0	https://github.com/antiwork/gumroad/actions/runs/35050714980/job/104651626574	
Test Fast 9	pending	0	https://github.com/antiwork/gumroad/actions/runs/35050714980/job/104651626580	
Test Slow 0	pending	0	https://github.com/antiwork/gumroad/actions/runs/35050714980/job/104651627548	
Test Slow 1	pending	0	https://github.com/antiwork/gumroad/actions/runs/35050714980/job/104651627158	
Test Slow 10	pending	0	https://github.com/antiwork/gumroad/actions/runs/35050714980/job/104651627094	
Test Slow 11	pending	0	https://github.com/antiwork/gumroad/actions/runs/35050714980/job/104651627162	
Test Slow 12	pending	0	https://github.com/antiwork/gumroad/actions/runs/35050714980/job/104651627181	
Test Slow 13	pending	0	https://github.com/antiwork/gumroad/actions/runs/35050714980/job/104651627172	
Test Slow 14	pending	0	https://github.com/antiwork/gumroad/actions/runs/35050714980/job/104651627129	
Test Slow 15	pending	0	https://github.com/antiwork/gumroad/actions/runs/35050714980/job/104651627188	
Test Slow 16	pending	0	https://github.com/antiwork/gumroad/actions/runs/35050714980/job/104651627208	
Test Slow 17	pending	0	https://github.com/antiwork/gumroad/actions/runs/35050714980/job/104651627269	
Test Slow 18	pending	0	https://github.com/antiwork/gumroad/actions/runs/35050714980/job/104651627110	
Test Slow 19	pending	0	https://github.com/antiwork/gumroad/actions/runs/35050714980/job/104651627185	
Test Slow 2	pending	0	https://github.com/antiwork/gumroad/actions/runs/35050714980/job/104651627118	
Test Slow 20	pending	0	https://github.com/antiwork/gumroad/actions/runs/35050714980/job/104651627284	
Test Slow 21	pending	0	https://github.com/antiwork/gumroad/actions/runs/35050714980/job/104651627202	
Test Slow 22	pending	0	https://github.com/antiwork/gumroad/actions/runs/35050714980/job/104651627388	
Test Slow 23	pending	0	https://github.com/antiwork/gumroad/actions/runs/35050714980/job/104651627370	
Test Slow 24	pending	0	https://github.com/antiwork/gumroad/actions/runs/35050714980/job/104651627184	
Test Slow 25	pending	0	https://github.com/antiwork/gumroad/actions/runs/35050714980/job/104651627408	
Test Slow 26	pending	0	https://github.com/antiwork/gumroad/actions/runs/35050714980/job/104651627169	
Test Slow 27	pending	0	https://github.com/antiwork/gumroad/actions/runs/35050714980/job/104651627271	
Test Slow 28	pending	0	https://github.com/antiwork/gumroad/actions/runs/35050714980/job/104651627250	
Test Slow 29	pending	0	https://github.com/antiwork/gumroad/actions/runs/35050714980/job/104651627267	
Test Slow 3	pending	0	https://github.com/antiwork/gumroad/actions/runs/35050714980/job/104651627083	
Test Slow 30	pending	0	https://github.com/antiwork/gumroad/actions/runs/35050714980/job/104651627322	
Test Slow 31	pending	0	https://github.com/antiwork/gumroad/actions/runs/35050714980/job/104651627235	
Test Slow 32	pending	0	https://github.com/antiwork/gumroad/actions/runs/35050714980/job/104651627221	
Test Slow 33	pending	0	https://github.com/antiwork/gumroad/actions/runs/35050714980/job/104651627350	
Test Slow 34	pending	0	https://github.com/antiwork/gumroad/actions/runs/35050714980/job/104651627311	
Test Slow 35	pending	0	https://github.com/antiwork/gumroad/actions/runs/35050714980/job/104651627265	
Test Slow 36	pending	0	https://github.com/antiwork/gumroad/actions/runs/35050714980/job/104651627251	
Test Slow 37	pending	0	https://github.com/antiwork/gumroad/actions/runs/35050714980/job/104651627362	
Test Slow 38	pending	0	https://github.com/antiwork/gumroad/actions/runs/35050714980/job/104651627275	
Run scope	pass	6s	https://github.com/antiwork/gumroad/actions/runs/35050714980/job/104650311496	
Test Slow 4	pending	0	https://github.com/antiwork/gumroad/actions/runs/35050714980/job/104651627097	
Test Slow 8	pending	0	https://github.com/antiwork/gumroad/actions/runs/35050714980/job/104651627135	
Test Slow 9	pending	0	https://github.com/antiwork/gumroad/actions/runs/35050714980/job/104651627071	
Test Slow 39	pending	0	https://github.com/antiwork/gumroad/actions/runs/35050714980/job/104651627189	
Test Slow 43	pending	0	https://github.com/antiwork/gumroad/actions/runs/35050714980/job/104651627246	
Test Slow 48	pending	0	https://github.com/antiwork/gumroad/actions/runs/35050714980/job/104651627352	
Test Slow 49	pending	0	https://github.com/antiwork/gumroad/actions/runs/35050714980/job/104651627342	
Test Slow 7	pending	0	https://github.com/antiwork/gumroad/actions/runs/35050714980/job/104651627163	
Test Slow 47	pending	0	https://github.com/antiwork/gumroad/actions/runs/35050714980/job/104651627347	
Test Slow 40	pending	0	https://github.com/antiwork/gumroad/actions/runs/35050714980/job/104651627232	
Test Slow 5	pending	0	https://github.com/antiwork/gumroad/actions/runs/35050714980/job/104651627206	
Test Slow 44	pending	0	https://github.com/antiwork/gumroad/actions/runs/35050714980/job/104651627299	
Test Slow 42	pending	0	https://github.com/antiwork/gumroad/actions/runs/35050714980/job/104651627374	
Test Slow 46	pending	0	https://github.com/antiwork/gumroad/actions/runs/35050714980/job/104651627436	
Test Slow 41	pending	0	https://github.com/antiwork/gumroad/actions/runs/35050714980/job/104651627297	
Test Slow 45	pending	0	https://github.com/antiwork/gumroad/actions/runs/35050714980/job/104651627417	
Test Relevant ${{ matrix.ci_node_index }}${{ (((github.event_name == 'pull_request_target') && (github.event.pull_request.head.repo.full_name == github.repository) && ' (internal PR noop)') || '') }}	skipping	0	https://github.com/antiwork/gumroad/actions/runs/35050714980/job/104651627331	
Lint Ruby	pass	1m18s	https://github.com/antiwork/gumroad/actions/runs/35050714980/job/104650311470	
buildkite/gumroad	pending	0	https://buildkite.com/gumroad-inc/gumroad/builds/23259	Build #23259 started
Compute relevant specs	skipping	0	https://github.com/antiwork/gumroad/actions/runs/35050714980/job/104650355891	
Build images	pass	6m38s	https://github.com/antiwork/gumroad/actions/runs/35050714980/job/104650311479	
Test Slow 6	pending	0	https://github.com/antiwork/gumroad/actions/runs/35050714980/job/104651627072	
Lint JS/TS	pass	5m53s	https://github.com/antiwork/gumroad/actions/runs/35050714980/job/104650311436	
Migration versions	pass	59s	https://github.com/antiwork/gumroad/actions/runs/35050714980/job/104650311508	
Test Slow ${{ matrix.ci_node_index }}${{ (((github.event_name == 'pull_request_target') && (github.event.pull_request.head.repo.full_name == github.repository) && ' (internal PR noop)') || '') }}	skipping	0	https://github.com/antiwork/gumroad/actions/runs/35050716324/job/104650317625	
Test Minitest ${{ matrix.ci_node_index }}${{ (((github.event_name == 'pull_request_target') && (github.event.pull_request.head.repo.full_name == github.repository) && ' (internal PR noop)') || '') }}	skipping	0	https://github.com/antiwork/gumroad/actions/runs/35050716324/job/104650317299	
Test Fast ${{ matrix.ci_node_index }}${{ (((github.event_name == 'pull_request_target') && (github.event.pull_request.head.repo.full_name == github.repository) && ' (internal PR noop)') || '') }}	skipping	0	https://github.com/antiwork/gumroad/actions/runs/35050716324/job/104650317581	
Typecheck TS	skipping	0	https://github.com/antiwork/gumroad/actions/runs/35050716324/job/104650316953	
Migration versions	skipping	0	https://github.com/antiwork/gumroad/actions/runs/35050716324/job/104650317444	
Build images${{ (((github.event_name == 'pull_request_target') && (github.event.pull_request.head.repo.full_name == github.repository) && ' (internal PR noop)') || '') }}	skipping	0	https://github.com/antiwork/gumroad/actions/runs/35050716324/job/104650317333	
Lint JS/TS	skipping	0	https://github.com/antiwork/gumroad/actions/runs/35050716324/job/104650316899	
Unblock deployment from Buildkite	skipping	0	https://github.com/antiwork/gumroad/actions/runs/35050716324/job/104650318166	
Reuse full suite	skipping	0	https://github.com/antiwork/gumroad/actions/runs/35050716324/job/104650317341	
Lint Ruby	skipping	0	https://github.com/antiwork/gumroad/actions/runs/35050716324/job/104650317282	
Compute relevant specs	skipping	0	https://github.com/antiwork/gumroad/actions/runs/35050716324/job/104650317696	
Run scope	skipping	0	https://github.com/antiwork/gumroad/actions/runs/35050716324/job/104650317489	
Test Relevant ${{ matrix.ci_node_index }}${{ (((github.event_name == 'pull_request_target') && (github.event.pull_request.head.repo.full_name == github.repository) && ' (internal PR noop)') || '') }}	skipping	0	https://github.com/antiwork/gumroad/actions/runs/35050716324/job/104650317682	
CI Gate	pass	6s	https://github.com/antiwork/gumroad/actions/runs/35050714980/job/104650267828	
CI Gate (internal PR noop)	pass	6s	https://github.com/antiwork/gumroad/actions/runs/35050716324/job/104650272037	
Reuse full suite	skipping	0	https://github.com/antiwork/gumroad/actions/runs/35050714980/job/104650312737	
Test Minitest 0	pass	8m7s	https://github.com/antiwork/gumroad/actions/runs/35050714980/job/104650311594	
Test Minitest 1	pass	8m22s	https://github.com/antiwork/gumroad/actions/runs/35050714980/job/104650311485	
Typecheck TS	pass	1m44s	https://github.com/antiwork/gumroad/actions/runs/35050714980/job/104650311500	
deploy	pass	3s	https://github.com/antiwork/gumroad/actions/runs/35050714909/job/104650267467	
Refreshing checks status every 60 seconds. Press Ctrl+C to quit.

Test Fast 0	pending	0	https://github.com/antiwork/gumroad/actions/runs/35050714980/job/104651626494	
Test Fast 1	pending	0	https://github.com/antiwork/gumroad/actions/runs/35050714980/job/104651626622	
Test Fast 10	pending	0	https://github.com/antiwork/gumroad/actions/runs/35050714980/job/104651626553	
Test Fast 11	pending	0	https://github.com/antiwork/gumroad/actions/runs/35050714980/job/104651626517	
Test Fast 12	pending	0	https://github.com/antiwork/gumroad/actions/runs/35050714980/job/104651626552	
Test Fast 13	pending	0	https://github.com/antiwork/gumroad/actions/runs/35050714980/job/104651626563	
Test Fast 14	pending	0	https://github.com/antiwork/gumroad/actions/runs/35050714980/job/104651626603	
Test Fast 15	pending	0	https://github.com/antiwork/gumroad/actions/runs/35050714980/job/104651626630	
Test Fast 16	pending	0	https://github.com/antiwork/gumroad/actions/runs/35050714980/job/104651626665	
Test Fast 17	pending	0	https://github.com/antiwork/gumroad/actions/runs/35050714980/job/104651626703	
Test Fast 2	pending	0	https://github.com/antiwork/gumroad/actions/runs/35050714980/job/104651626540	
Test Fast 3	pending	0	https://github.com/antiwork/gumroad/actions/runs/35050714980/job/104651626527	
Test Fast 4	pending	0	https://github.com/antiwork/gumroad/actions/runs/35050714980/job/104651626629	
Test Fast 5	pending	0	https://github.com/antiwork/gumroad/actions/runs/35050714980/job/104651626530	
Test Fast 6	pending	0	https://github.com/antiwork/gumroad/actions/runs/35050714980/job/104651626608	
Test Fast 7	pending	0	https://github.com/antiwork/gumroad/actions/runs/35050714980/job/104651626638	
Test Fast 8	pending	0	https://github.com/antiwork/gumroad/actions/runs/35050714980/job/104651626574	
Test Fast 9	pending	0	https://github.com/antiwork/gumroad/actions/runs/35050714980/job/104651626580	
Test Slow 0	pending	0	https://github.com/antiwork/gumroad/actions/runs/35050714980/job/104651627548	
Test Slow 1	pending	0	https://github.com/antiwork/gumroad/actions/runs/35050714980/job/104651627158	
Test Slow 10	pending	0	https://github.com/antiwork/gumroad/actions/runs/35050714980/job/104651627094	
Test Slow 11	pending	0	https://github.com/antiwork/gumroad/actions/runs/35050714980/job/104651627162	
Test Slow 12	pending	0	https://github.com/antiwork/gumroad/actions/runs/35050714980/job/104651627181	
Test Slow 13	pending	0	https://github.com/antiwork/gumroad/actions/runs/35050714980/job/104651627172	
Test Slow 14	pending	0	https://github.com/antiwork/gumroad/actions/runs/35050714980/job/104651627129	
Test Slow 15	pending	0	https://github.com/antiwork/gumroad/actions/runs/35050714980/job/104651627188	
Test Slow 16	pending	0	https://github.com/antiwork/gumroad/actions/runs/35050714980/job/104651627208	
Test Slow 17	pending	0	https://github.com/antiwork/gumroad/actions/runs/35050714980/job/104651627269	
Test Slow 18	pending	0	https://github.com/antiwork/gumroad/actions/runs/35050714980/job/104651627110	
Test Slow 19	pending	0	https://github.com/antiwork/gumroad/actions/runs/35050714980/job/104651627185	
Test Slow 2	pending	0	https://github.com/antiwork/gumroad/actions/runs/35050714980/job/104651627118	
Test Slow 20	pending	0	https://github.com/antiwork/gumroad/actions/runs/35050714980/job/104651627284	
Test Slow 21	pending	0	https://github.com/antiwork/gumroad/actions/runs/35050714980/job/104651627202	
Test Slow 22	pending	0	https://github.com/antiwork/gumroad/actions/runs/35050714980/job/104651627388	
Test Slow 23	pending	0	https://github.com/antiwork/gumroad/actions/runs/35050714980/job/104651627370	
Test Slow 24	pending	0	https://github.com/antiwork/gumroad/actions/runs/35050714980/job/104651627184	
Test Slow 25	pending	0	https://github.com/antiwork/gumroad/actions/runs/35050714980/job/104651627408	
Test Slow 26	pending	0	https://github.com/antiwork/gumroad/actions/runs/35050714980/job/104651627169	
Test Slow 27	pending	0	https://github.com/antiwork/gumroad/actions/runs/35050714980/job/104651627271	
Test Slow 28	pending	0	https://github.com/antiwork/gumroad/actions/runs/35050714980/job/104651627250	
Test Slow 29	pending	0	https://github.com/antiwork/gumroad/actions/runs/35050714980/job/104651627267	
Test Slow 3	pending	0	https://github.com/antiwork/gumroad/actions/runs/35050714980/job/104651627083	
Test Slow 30	pending	0	https://github.com/antiwork/gumroad/actions/runs/35050714980/job/104651627322	
Test Slow 31	pending	0	https://github.com/antiwork/gumroad/actions/runs/35050714980/job/104651627235	
Test Slow 32	pending	0	https://github.com/antiwork/gumroad/actions/runs/35050714980/job/104651627221	
Test Slow 33	pending	0	https://github.com/antiwork/gumroad/actions/runs/35050714980/job/104651627350	
Test Slow 34	pending	0	https://github.com/antiwork/gumroad/actions/runs/35050714980/job/104651627311	
Test Slow 35	pending	0	https://github.com/antiwork/gumroad/actions/runs/35050714980/job/104651627265	
Test Slow 36	pending	0	https://github.com/antiwork/gumroad/actions/runs/35050714980/job/104651627251	
Test Slow 37	pending	0	https://github.com/antiwork/gumroad/actions/runs/35050714980/job/104651627362	
Test Slow 38	pending	0	https://github.com/antiwork/gumroad/actions/runs/35050714980/job/104651627275	
Run scope	pass	6s	https://github.com/antiwork/gumroad/actions/runs/35050714980/job/104650311496	
Test Slow 4	pending	0	https://github.com/antiwork/gumroad/actions/runs/35050714980/job/104651627097	
Test Slow 8	pending	0	https://github.com/antiwork/gumroad/actions/runs/35050714980/job/104651627135	
Test Slow 9	pending	0	https://github.com/antiwork/gumroad/actions/runs/35050714980/job/104651627071	
Test Slow 39	pending	0	https://github.com/antiwork/gumroad/actions/runs/35050714980/job/104651627189	
Test Slow 43	pending	0	https://github.com/antiwork/gumroad/actions/runs/35050714980/job/104651627246	
Test Slow 48	pending	0	https://github.com/antiwork/gumroad/actions/runs/35050714980/job/104651627352	
Test Slow 49	pending	0	https://github.com/antiwork/gumroad/actions/runs/35050714980/job/104651627342	
Test Slow 7	pending	0	https://github.com/antiwork/gumroad/actions/runs/35050714980/job/104651627163	
Test Slow 47	pending	0	https://github.com/antiwork/gumroad/actions/runs/35050714980/job/104651627347	
Test Slow 40	pending	0	https://github.com/antiwork/gumroad/actions/runs/35050714980/job/104651627232	
Test Slow 5	pending	0	https://github.com/antiwork/gumroad/actions/runs/35050714980/job/104651627206	
Test Slow 44	pending	0	https://github.com/antiwork/gumroad/actions/runs/35050714980/job/104651627299	
Test Slow 42	pending	0	https://github.com/antiwork/gumroad/actions/runs/35050714980/job/104651627374	
Test Slow 46	pending	0	https://github.com/antiwork/gumroad/actions/runs/35050714980/job/104651627436	
Test Slow 41	pending	0	https://github.com/antiwork/gumroad/actions/runs/35050714980/job/104651627297	
Test Slow 45	pending	0	https://github.com/antiwork/gumroad/actions/runs/35050714980/job/104651627417	
Test Relevant ${{ matrix.ci_node_index }}${{ (((github.event_name == 'pull_request_target') && (github.event.pull_request.head.repo.full_name == github.repository) && ' (internal PR noop)') || '') }}	skipping	0	https://github.com/antiwork/gumroad/actions/runs/35050714980/job/104651627331	
Lint Ruby	pass	1m18s	https://github.com/antiwork/gumroad/actions/runs/35050714980/job/104650311470	
buildkite/gumroad	pending	0	https://buildkite.com/gumroad-inc/gumroad/builds/23259	Build #23259 started
Compute relevant specs	skipping	0	https://github.com/antiwork/gumroad/actions/runs/35050714980/job/104650355891	
Build images	pass	6m38s	https://github.com/antiwork/gumroad/actions/runs/35050714980/job/104650311479	
Test Slow 6	pending	0	https://github.com/antiwork/gumroad/actions/runs/35050714980/job/104651627072	
Lint JS/TS	pass	5m53s	https://github.com/antiwork/gumroad/actions/runs/35050714980/job/104650311436	
Migration versions	pass	59s	https://github.com/antiwork/gumroad/actions/runs/35050714980/job/104650311508	
Test Slow ${{ matrix.ci_node_index }}${{ (((github.event_name == 'pull_request_target') && (github.event.pull_request.head.repo.full_name == github.repository) && ' (internal PR noop)') || '') }}	skipping	0	https://github.com/antiwork/gumroad/actions/runs/35050716324/job/104650317625	
Test Minitest ${{ matrix.ci_node_index }}${{ (((github.event_name == 'pull_request_target') && (github.event.pull_request.head.repo.full_name == github.repository) && ' (internal PR noop)') || '') }}	skipping	0	https://github.com/antiwork/gumroad/actions/runs/35050716324/job/104650317299	
Test Fast ${{ matrix.ci_node_index }}${{ (((github.event_name == 'pull_request_target') && (github.event.pull_request.head.repo.full_name == github.repository) && ' (internal PR noop)') || '') }}	skipping	0	https://github.com/antiwork/gumroad/actions/runs/35050716324/job/104650317581	
Typecheck TS	skipping	0	https://github.com/antiwork/gumroad/actions/runs/35050716324/job/104650316953	
Migration versions	skipping	0	https://github.com/antiwork/gumroad/actions/runs/35050716324/job/104650317444	
Build images${{ (((github.event_name == 'pull_request_target') && (github.event.pull_request.head.repo.full_name == github.repository) && ' (internal PR noop)') || '') }}	skipping	0	https://github.com/antiwork/gumroad/actions/runs/35050716324/job/104650317333	
Lint JS/TS	skipping	0	https://github.com/antiwork/gumroad/actions/runs/35050716324/job/104650316899	
Unblock deployment from Buildkite	skipping	0	https://github.com/antiwork/gumroad/actions/runs/35050716324/job/104650318166	
Reuse full suite	skipping	0	https://github.com/antiwork/gumroad/actions/runs/35050716324/job/104650317341	
Lint Ruby	skipping	0	https://github.com/antiwork/gumroad/actions/runs/35050716324/job/104650317282	
Compute relevant specs	skipping	0	https://github.com/antiwork/gumroad/actions/runs/35050716324/job/104650317696	
Run scope	skipping	0	https://github.com/antiwork/gumroad/actions/runs/35050716324/job/104650317489	
Test Relevant ${{ matrix.ci_node_index }}${{ (((github.event_name == 'pull_request_target') && (github.event.pull_request.head.repo.full_name == github.repository) && ' (internal PR noop)') || '') }}	skipping	0	https://github.com/antiwork/gumroad/actions/runs/35050716324/job/104650317682	
CI Gate	pass	6s	https://github.com/antiwork/gumroad/actions/runs/35050714980/job/104650267828	
CI Gate (internal PR noop)	pass	6s	https://github.com/antiwork/gumroad/actions/runs/35050716324/job/104650272037	
Reuse full suite	skipping	0	https://github.com/antiwork/gumroad/actions/runs/35050714980/job/104650312737	
Test Minitest 0	pass	8m7s	https://github.com/antiwork/gumroad/actions/runs/35050714980/job/104650311594	
Test Minitest 1	pass	8m22s	https://github.com/antiwork/gumroad/actions/runs/35050714980/job/104650311485	
Typecheck TS	pass	1m44s	https://github.com/antiwork/gumroad/actions/runs/35050714980/job/104650311500	
deploy	pass	3s	https://github.com/antiwork/gumroad/actions/runs/35050714909/job/104650267467	
Refreshing checks status every 60 seconds. Press Ctrl+C to quit.

Test Fast 0	pending	0	https://github.com/antiwork/gumroad/actions/runs/35050714980/job/104651626494	
Test Fast 1	pending	0	https://github.com/antiwork/gumroad/actions/runs/35050714980/job/104651626622	
Test Fast 10	pending	0	https://github.com/antiwork/gumroad/actions/runs/35050714980/job/104651626553	
Test Fast 11	pending	0	https://github.com/antiwork/gumroad/actions/runs/35050714980/job/104651626517	
Test Fast 12	pending	0	https://github.com/antiwork/gumroad/actions/runs/35050714980/job/104651626552	
Test Fast 13	pending	0	https://github.com/antiwork/gumroad/actions/runs/35050714980/job/104651626563	
Test Fast 14	pending	0	https://github.com/antiwork/gumroad/actions/runs/35050714980/job/104651626603	
Test Fast 15	pending	0	https://github.com/antiwork/gumroad/actions/runs/35050714980/job/104651626630	
Test Fast 16	pending	0	https://github.com/antiwork/gumroad/actions/runs/35050714980/job/104651626665	
Test Fast 17	pending	0	https://github.com/antiwork/gumroad/actions/runs/35050714980/job/104651626703	
Test Fast 2	pending	0	https://github.com/antiwork/gumroad/actions/runs/35050714980/job/104651626540	
Test Fast 3	pending	0	https://github.com/antiwork/gumroad/actions/runs/35050714980/job/104651626527	
Test Fast 4	pending	0	https://github.com/antiwork/gumroad/actions/runs/35050714980/job/104651626629	
Test Fast 5	pending	0	https://github.com/antiwork/gumroad/actions/runs/35050714980/job/104651626530	
Test Fast 6	pending	0	https://github.com/antiwork/gumroad/actions/runs/35050714980/job/104651626608	
Test Fast 7	pending	0	https://github.com/antiwork/gumroad/actions/runs/35050714980/job/104651626638	
Test Fast 8	pending	0	https://github.com/antiwork/gumroad/actions/runs/35050714980/job/104651626574	
Test Fast 9	pending	0	https://github.com/antiwork/gumroad/actions/runs/35050714980/job/104651626580	
Test Slow 0	pending	0	https://github.com/antiwork/gumroad/actions/runs/35050714980/job/104651627548	
Test Slow 1	pending	0	https://github.com/antiwork/gumroad/actions/runs/35050714980/job/104651627158	
Test Slow 10	pending	0	https://github.com/antiwork/gumroad/actions/runs/35050714980/job/104651627094	
Test Slow 11	pending	0	https://github.com/antiwork/gumroad/actions/runs/35050714980/job/104651627162	
Test Slow 12	pending	0	https://github.com/antiwork/gumroad/actions/runs/35050714980/job/104651627181	
Test Slow 13	pending	0	https://github.com/antiwork/gumroad/actions/runs/35050714980/job/104651627172	
Test Slow 14	pending	0	https://github.com/antiwork/gumroad/actions/runs/35050714980/job/104651627129	
Test Slow 15	pending	0	https://github.com/antiwork/gumroad/actions/runs/35050714980/job/104651627188	
Test Slow 16	pending	0	https://github.com/antiwork/gumroad/actions/runs/35050714980/job/104651627208	
Test Slow 17	pending	0	https://github.com/antiwork/gumroad/actions/runs/35050714980/job/104651627269	
Test Slow 18	pending	0	https://github.com/antiwork/gumroad/actions/runs/35050714980/job/104651627110	
Test Slow 19	pending	0	https://github.com/antiwork/gumroad/actions/runs/35050714980/job/104651627185	
Test Slow 2	pending	0	https://github.com/antiwork/gumroad/actions/runs/35050714980/job/104651627118	
Test Slow 20	pending	0	https://github.com/antiwork/gumroad/actions/runs/35050714980/job/104651627284	
Test Slow 21	pending	0	https://github.com/antiwork/gumroad/actions/runs/35050714980/job/104651627202	
Test Slow 22	pending	0	https://github.com/antiwork/gumroad/actions/runs/35050714980/job/104651627388	
Test Slow 23	pending	0	https://github.com/antiwork/gumroad/actions/runs/35050714980/job/104651627370	
Test Slow 24	pending	0	https://github.com/antiwork/gumroad/actions/runs/35050714980/job/104651627184	
Test Slow 25	pending	0	https://github.com/antiwork/gumroad/actions/runs/35050714980/job/104651627408	
Test Slow 26	pending	0	https://github.com/antiwork/gumroad/actions/runs/35050714980/job/104651627169	
Test Slow 27	pending	0	https://github.com/antiwork/gumroad/actions/runs/35050714980/job/104651627271	
Test Slow 28	pending	0	https://github.com/antiwork/gumroad/actions/runs/35050714980/job/104651627250	
Test Slow 29	pending	0	https://github.com/antiwork/gumroad/actions/runs/35050714980/job/104651627267	
Test Slow 3	pending	0	https://github.com/antiwork/gumroad/actions/runs/35050714980/job/104651627083	
Test Slow 30	pending	0	https://github.com/antiwork/gumroad/actions/runs/35050714980/job/104651627322	
Test Slow 31	pending	0	https://github.com/antiwork/gumroad/actions/runs/35050714980/job/104651627235	
Test Slow 32	pending	0	https://github.com/antiwork/gumroad/actions/runs/35050714980/job/104651627221	
Test Slow 33	pending	0	https://github.com/antiwork/gumroad/actions/runs/35050714980/job/104651627350	
Test Slow 34	pending	0	https://github.com/antiwork/gumroad/actions/runs/35050714980/job/104651627311	
Test Slow 35	pending	0	https://github.com/antiwork/gumroad/actions/runs/35050714980/job/104651627265	
Test Slow 36	pending	0	https://github.com/antiwork/gumroad/actions/runs/35050714980/job/104651627251	
Test Slow 37	pending	0	https://github.com/antiwork/gumroad/actions/runs/35050714980/job/104651627362	
Test Slow 38	pending	0	https://github.com/antiwork/gumroad/actions/runs/35050714980/job/104651627275	
Run scope	pass	6s	https://github.com/antiwork/gumroad/actions/runs/35050714980/job/104650311496	
Test Slow 4	pending	0	https://github.com/antiwork/gumroad/actions/runs/35050714980/job/104651627097	
Test Slow 8	pending	0	https://github.com/antiwork/gumroad/actions/runs/35050714980/job/104651627135	
Test Slow 9	pending	0	https://github.com/antiwork/gumroad/actions/runs/35050714980/job/104651627071	
Test Slow 39	pending	0	https://github.com/antiwork/gumroad/actions/runs/35050714980/job/104651627189	
Test Slow 43	pending	0	https://github.com/antiwork/gumroad/actions/runs/35050714980/job/104651627246	
Test Slow 48	pending	0	https://github.com/antiwork/gumroad/actions/runs/35050714980/job/104651627352	
Test Slow 49	pending	0	https://github.com/antiwork/gumroad/actions/runs/35050714980/job/104651627342	
Test Slow 7	pending	0	https://github.com/antiwork/gumroad/actions/runs/35050714980/job/104651627163	
Test Slow 47	pending	0	https://github.com/antiwork/gumroad/actions/runs/35050714980/job/104651627347	
Test Slow 40	pending	0	https://github.com/antiwork/gumroad/actions/runs/35050714980/job/104651627232	
Test Slow 5	pending	0	https://github.com/antiwork/gumroad/actions/runs/35050714980/job/104651627206	
Test Slow 44	pending	0	https://github.com/antiwork/gumroad/actions/runs/35050714980/job/104651627299	
Test Slow 42	pending	0	https://github.com/antiwork/gumroad/actions/runs/35050714980/job/104651627374	
Test Slow 46	pending	0	https://github.com/antiwork/gumroad/actions/runs/35050714980/job/104651627436	
Test Slow 41	pending	0	https://github.com/antiwork/gumroad/actions/runs/35050714980/job/104651627297	
Test Slow 45	pending	0	https://github.com/antiwork/gumroad/actions/runs/35050714980/job/104651627417	
Test Relevant ${{ matrix.ci_node_index }}${{ (((github.event_name == 'pull_request_target') && (github.event.pull_request.head.repo.full_name == github.repository) && ' (internal PR noop)') || '') }}	skipping	0	https://github.com/antiwork/gumroad/actions/runs/35050714980/job/104651627331	
Lint Ruby	pass	1m18s	https://github.com/antiwork/gumroad/actions/runs/35050714980/job/104650311470	
buildkite/gumroad	pending	0	https://buildkite.com/gumroad-inc/gumroad/builds/23259	Build #23259 started
Compute relevant specs	skipping	0	https://github.com/antiwork/gumroad/actions/runs/35050714980/job/104650355891	
Build images	pass	6m38s	https://github.com/antiwork/gumroad/actions/runs/35050714980/job/104650311479	
Test Slow 6	pending	0	https://github.com/antiwork/gumroad/actions/runs/35050714980/job/104651627072	
Lint JS/TS	pass	5m53s	https://github.com/antiwork/gumroad/actions/runs/35050714980/job/104650311436	
Migration versions	pass	59s	https://github.com/antiwork/gumroad/actions/runs/35050714980/job/104650311508	
Test Slow ${{ matrix.ci_node_index }}${{ (((github.event_name == 'pull_request_target') && (github.event.pull_request.head.repo.full_name == github.repository) && ' (internal PR noop)') || '') }}	skipping	0	https://github.com/antiwork/gumroad/actions/runs/35050716324/job/104650317625	
Test Minitest ${{ matrix.ci_node_index }}${{ (((github.event_name == 'pull_request_target') && (github.event.pull_request.head.repo.full_name == github.repository) && ' (internal PR noop)') || '') }}	skipping	0	https://github.com/antiwork/gumroad/actions/runs/35050716324/job/104650317299	
Test Fast ${{ matrix.ci_node_index }}${{ (((github.event_name == 'pull_request_target') && (github.event.pull_request.head.repo.full_name == github.repository) && ' (internal PR noop)') || '') }}	skipping	0	https://github.com/antiwork/gumroad/actions/runs/35050716324/job/104650317581	
Typecheck TS	skipping	0	https://github.com/antiwork/gumroad/actions/runs/35050716324/job/104650316953	
Migration versions	skipping	0	https://github.com/antiwork/gumroad/actions/runs/35050716324/job/104650317444	
Build images${{ (((github.event_name == 'pull_request_target') && (github.event.pull_request.head.repo.full_name == github.repository) && ' (internal PR noop)') || '') }}	skipping	0	https://github.com/antiwork/gumroad/actions/runs/35050716324/job/104650317333	
Lint JS/TS	skipping	0	https://github.com/antiwork/gumroad/actions/runs/35050716324/job/104650316899	
Unblock deployment from Buildkite	skipping	0	https://github.com/antiwork/gumroad/actions/runs/35050716324/job/104650318166	
Reuse full suite	skipping	0	https://github.com/antiwork/gumroad/actions/runs/35050716324/job/104650317341	
Lint Ruby	skipping	0	https://github.com/antiwork/gumroad/actions/runs/35050716324/job/104650317282	
Compute relevant specs	skipping	0	https://github.com/antiwork/gumroad/actions/runs/35050716324/job/104650317696	
Run scope	skipping	0	https://github.com/antiwork/gumroad/actions/runs/35050716324/job/104650317489	
Test Relevant ${{ matrix.ci_node_index }}${{ (((github.event_name == 'pull_request_target') && (github.event.pull_request.head.repo.full_name == github.repository) && ' (internal PR noop)') || '') }}	skipping	0	https://github.com/antiwork/gumroad/actions/runs/35050716324/job/104650317682	
CI Gate	pass	6s	https://github.com/antiwork/gumroad/actions/runs/35050714980/job/104650267828	
CI Gate (internal PR noop)	pass	6s	https://github.com/antiwork/gumroad/actions/runs/35050716324/job/104650272037	
Reuse full suite	skipping	0	https://github.com/antiwork/gumroad/actions/runs/35050714980/job/104650312737	
Test Minitest 0	pass	8m7s	https://github.com/antiwork/gumroad/actions/runs/35050714980/job/104650311594	
Test Minitest 1	pass	8m22s	https://github.com/antiwork/gumroad/actions/runs/35050714980/job/104650311485	
Typecheck TS	pass	1m44s	https://github.com/antiwork/gumroad/actions/runs/35050714980/job/104650311500	
deploy	pass	3s	https://github.com/antiwork/gumroad/actions/runs/35050714909/job/104650267467	
Refreshing checks status every 60 seconds. Press Ctrl+C to quit.

Test Fast 0	pending	0	https://github.com/antiwork/gumroad/actions/runs/35050714980/job/104651626494	
Test Fast 1	pending	0	https://github.com/antiwork/gumroad/actions/runs/35050714980/job/104651626622	
Test Fast 10	pending	0	https://github.com/antiwork/gumroad/actions/runs/35050714980/job/104651626553	
Test Fast 11	pending	0	https://github.com/antiwork/gumroad/actions/runs/35050714980/job/104651626517	
Test Fast 12	pending	0	https://github.com/antiwork/gumroad/actions/runs/35050714980/job/104651626552	
Test Fast 13	pending	0	https://github.com/antiwork/gumroad/actions/runs/35050714980/job/104651626563	
Test Fast 14	pending	0	https://github.com/antiwork/gumroad/actions/runs/35050714980/job/104651626603	
Test Fast 15	pending	0	https://github.com/antiwork/gumroad/actions/runs/35050714980/job/104651626630	
Test Fast 16	pending	0	https://github.com/antiwork/gumroad/actions/runs/35050714980/job/104651626665	
Test Fast 17	pending	0	https://github.com/antiwork/gumroad/actions/runs/35050714980/job/104651626703	
Test Fast 2	pending	0	https://github.com/antiwork/gumroad/actions/runs/35050714980/job/104651626540	
Test Fast 3	pending	0	https://github.com/antiwork/gumroad/actions/runs/35050714980/job/104651626527	
Test Fast 4	pending	0	https://github.com/antiwork/gumroad/actions/runs/35050714980/job/104651626629	
Test Fast 5	pending	0	https://github.com/antiwork/gumroad/actions/runs/35050714980/job/104651626530	
Test Fast 6	pending	0	https://github.com/antiwork/gumroad/actions/runs/35050714980/job/104651626608	
Test Fast 7	pending	0	https://github.com/antiwork/gumroad/actions/runs/35050714980/job/104651626638	
Test Fast 8	pending	0	https://github.com/antiwork/gumroad/actions/runs/35050714980/job/104651626574	
Test Fast 9	pending	0	https://github.com/antiwork/gumroad/actions/runs/35050714980/job/104651626580	
Test Slow 0	pending	0	https://github.com/antiwork/gumroad/actions/runs/35050714980/job/104651627548	
Test Slow 1	pending	0	https://github.com/antiwork/gumroad/actions/runs/35050714980/job/104651627158	
Test Slow 10	pending	0	https://github.com/antiwork/gumroad/actions/runs/35050714980/job/104651627094	
Test Slow 11	pending	0	https://github.com/antiwork/gumroad/actions/runs/35050714980/job/104651627162	
Test Slow 12	pending	0	https://github.com/antiwork/gumroad/actions/runs/35050714980/job/104651627181	
Test Slow 13	pending	0	https://github.com/antiwork/gumroad/actions/runs/35050714980/job/104651627172	
Test Slow 14	pending	0	https://github.com/antiwork/gumroad/actions/runs/35050714980/job/104651627129	
Test Slow 15	pending	0	https://github.com/antiwork/gumroad/actions/runs/35050714980/job/104651627188	
Test Slow 16	pending	0	https://github.com/antiwork/gumroad/actions/runs/35050714980/job/104651627208	
Test Slow 17	pending	0	https://github.com/antiwork/gumroad/actions/runs/35050714980/job/104651627269	
Test Slow 18	pending	0	https://github.com/antiwork/gumroad/actions/runs/35050714980/job/104651627110	
Test Slow 19	pending	0	https://github.com/antiwork/gumroad/actions/runs/35050714980/job/104651627185	
Test Slow 2	pending	0	https://github.com/antiwork/gumroad/actions/runs/35050714980/job/104651627118	
Test Slow 20	pending	0	https://github.com/antiwork/gumroad/actions/runs/35050714980/job/104651627284	
Test Slow 21	pending	0	https://github.com/antiwork/gumroad/actions/runs/35050714980/job/104651627202	
Test Slow 22	pending	0	https://github.com/antiwork/gumroad/actions/runs/35050714980/job/104651627388	
Test Slow 23	pending	0	https://github.com/antiwork/gumroad/actions/runs/35050714980/job/104651627370	
Test Slow 24	pending	0	https://github.com/antiwork/gumroad/actions/runs/35050714980/job/104651627184	
Test Slow 25	pending	0	https://github.com/antiwork/gumroad/actions/runs/35050714980/job/104651627408	
Test Slow 26	pending	0	https://github.com/antiwork/gumroad/actions/runs/35050714980/job/104651627169	
Test Slow 27	pending	0	https://github.com/antiwork/gumroad/actions/runs/35050714980/job/104651627271	
Test Slow 28	pending	0	https://github.com/antiwork/gumroad/actions/runs/35050714980/job/104651627250	
Test Slow 29	pending	0	https://github.com/antiwork/gumroad/actions/runs/35050714980/job/104651627267	
Test Slow 3	pending	0	https://github.com/antiwork/gumroad/actions/runs/35050714980/job/104651627083	
Test Slow 30	pending	0	https://github.com/antiwork/gumroad/actions/runs/35050714980/job/104651627322	
Test Slow 31	pending	0	https://github.com/antiwork/gumroad/actions/runs/35050714980/job/104651627235	
Test Slow 32	pending	0	https://github.com/antiwork/gumroad/actions/runs/35050714980/job/104651627221	
Test Slow 33	pending	0	https://github.com/antiwork/gumroad/actions/runs/35050714980/job/104651627350	
Test Slow 34	pending	0	https://github.com/antiwork/gumroad/actions/runs/35050714980/job/104651627311	
Test Slow 35	pending	0	https://github.com/antiwork/gumroad/actions/runs/35050714980/job/104651627265	
Test Slow 36	pending	0	https://github.com/antiwork/gumroad/actions/runs/35050714980/job/104651627251	
Test Slow 37	pending	0	https://github.com/antiwork/gumroad/actions/runs/35050714980/job/104651627362	
Test Slow 38	pending	0	https://github.com/antiwork/gumroad/actions/runs/35050714980/job/104651627275	
Run scope	pass	6s	https://github.com/antiwork/gumroad/actions/runs/35050714980/job/104650311496	
Test Slow 4	pending	0	https://github.com/antiwork/gumroad/actions/runs/35050714980/job/104651627097	
Test Slow 8	pending	0	https://github.com/antiwork/gumroad/actions/runs/35050714980/job/104651627135	
Test Slow 9	pending	0	https://github.com/antiwork/gumroad/actions/runs/35050714980/job/104651627071	
Test Slow 39	pending	0	https://github.com/antiwork/gumroad/actions/runs/35050714980/job/104651627189	
Test Slow 43	pending	0	https://github.com/antiwork/gumroad/actions/runs/35050714980/job/104651627246	
Test Slow 48	pending	0	https://github.com/antiwork/gumroad/actions/runs/35050714980/job/104651627352	
Test Slow 49	pending	0	https://github.com/antiwork/gumroad/actions/runs/35050714980/job/104651627342	
Test Slow 7	pending	0	https://github.com/antiwork/gumroad/actions/runs/35050714980/job/104651627163	
Test Slow 47	pending	0	https://github.com/antiwork/gumroad/actions/runs/35050714980/job/104651627347	
Test Slow 40	pending	0	https://github.com/antiwork/gumroad/actions/runs/35050714980/job/104651627232	
Test Slow 5	pending	0	https://github.com/antiwork/gumroad/actions/runs/35050714980/job/104651627206	
Test Slow 44	pending	0	https://github.com/antiwork/gumroad/actions/runs/35050714980/job/104651627299	
Test Slow 42	pending	0	https://github.com/antiwork/gumroad/actions/runs/35050714980/job/104651627374	
Test Slow 46	pending	0	https://github.com/antiwork/gumroad/actions/runs/35050714980/job/104651627436	
Test Slow 41	pending	0	https://github.com/antiwork/gumroad/actions/runs/35050714980/job/104651627297	
Test Slow 45	pending	0	https://github.com/antiwork/gumroad/actions/runs/35050714980/job/104651627417	
Test Relevant ${{ matrix.ci_node_index }}${{ (((github.event_name == 'pull_request_target') && (github.event.pull_request.head.repo.full_name == github.repository) && ' (internal PR noop)') || '') }}	skipping	0	https://github.com/antiwork/gumroad/actions/runs/35050714980/job/104651627331	
Lint Ruby	pass	1m18s	https://github.com/antiwork/gumroad/actions/runs/35050714980/job/104650311470	
buildkite/gumroad	pending	0	https://buildkite.com/gumroad-inc/gumroad/builds/23259	Build #23259 started
Compute relevant specs	skipping	0	https://github.com/antiwork/gumroad/actions/runs/35050714980/job/104650355891	
Build images	pass	6m38s	https://github.com/antiwork/gumroad/actions/runs/35050714980/job/104650311479	
Test Slow 6	pending	0	https://github.com/antiwork/gumroad/actions/runs/35050714980/job/104651627072	
Lint JS/TS	pass	5m53s	https://github.com/antiwork/gumroad/actions/runs/35050714980/job/104650311436	
Migration versions	pass	59s	https://github.com/antiwork/gumroad/actions/runs/35050714980/job/104650311508	
Test Slow ${{ matrix.ci_node_index }}${{ (((github.event_name == 'pull_request_target') && (github.event.pull_request.head.repo.full_name == github.repository) && ' (internal PR noop)') || '') }}	skipping	0	https://github.com/antiwork/gumroad/actions/runs/35050716324/job/104650317625	
Test Minitest ${{ matrix.ci_node_index }}${{ (((github.event_name == 'pull_request_target') && (github.event.pull_request.head.repo.full_name == github.repository) && ' (internal PR noop)') || '') }}	skipping	0	https://github.com/antiwork/gumroad/actions/runs/35050716324/job/104650317299	
Test Fast ${{ matrix.ci_node_index }}${{ (((github.event_name == 'pull_request_target') && (github.event.pull_request.head.repo.full_name == github.repository) && ' (internal PR noop)') || '') }}	skipping	0	https://github.com/antiwork/gumroad/actions/runs/35050716324/job/104650317581	
Typecheck TS	skipping	0	https://github.com/antiwork/gumroad/actions/runs/35050716324/job/104650316953	
Migration versions	skipping	0	https://github.com/antiwork/gumroad/actions/runs/35050716324/job/104650317444	
Build images${{ (((github.event_name == 'pull_request_target') && (github.event.pull_request.head.repo.full_name == github.repository) && ' (internal PR noop)') || '') }}	skipping	0	https://github.com/antiwork/gumroad/actions/runs/35050716324/job/104650317333	
Lint JS/TS	skipping	0	https://github.com/antiwork/gumroad/actions/runs/35050716324/job/104650316899	
Unblock deployment from Buildkite	skipping	0	https://github.com/antiwork/gumroad/actions/runs/35050716324/job/104650318166	
Reuse full suite	skipping	0	https://github.com/antiwork/gumroad/actions/runs/35050716324/job/104650317341	
Lint Ruby	skipping	0	https://github.com/antiwork/gumroad/actions/runs/35050716324/job/104650317282	
Compute relevant specs	skipping	0	https://github.com/antiwork/gumroad/actions/runs/35050716324/job/104650317696	
Run scope	skipping	0	https://github.com/antiwork/gumroad/actions/runs/35050716324/job/104650317489	
Test Relevant ${{ matrix.ci_node_index }}${{ (((github.event_name == 'pull_request_target') && (github.event.pull_request.head.repo.full_name == github.repository) && ' (internal PR noop)') || '') }}	skipping	0	https://github.com/antiwork/gumroad/actions/runs/35050716324/job/104650317682	
CI Gate	pass	6s	https://github.com/antiwork/gumroad/actions/runs/35050714980/job/104650267828	
CI Gate (internal PR noop)	pass	6s	https://github.com/antiwork/gumroad/actions/runs/35050716324/job/104650272037	
Reuse full suite	skipping	0	https://github.com/antiwork/gumroad/actions/runs/35050714980/job/104650312737	
Test Minitest 0	pass	8m7s	https://github.com/antiwork/gumroad/actions/runs/35050714980/job/104650311594	
Test Minitest 1	pass	8m22s	https://github.com/antiwork/gumroad/actions/runs/35050714980/job/104650311485	
Typecheck TS	pass	1m44s	https://github.com/antiwork/gumroad/actions/runs/35050714980/job/104650311500	
deploy	pass	3s	https://github.com/antiwork/gumroad/actions/runs/35050714909/job/104650267467	
Refreshing checks status every 60 seconds. Press Ctrl+C to quit.

Test Fast 0	pending	0	https://github.com/antiwork/gumroad/actions/runs/35050714980/job/104651626494	
Test Fast 1	pending	0	https://github.com/antiwork/gumroad/actions/runs/35050714980/job/104651626622	
Test Fast 10	pending	0	https://github.com/antiwork/gumroad/actions/runs/35050714980/job/104651626553	
Test Fast 11	pending	0	https://github.com/antiwork/gumroad/actions/runs/35050714980/job/104651626517	
Test Fast 12	pending	0	https://github.com/antiwork/gumroad/actions/runs/35050714980/job/104651626552	
Test Fast 13	pending	0	https://github.com/antiwork/gumroad/actions/runs/35050714980/job/104651626563	
Test Fast 14	pending	0	https://github.com/antiwork/gumroad/actions/runs/35050714980/job/104651626603	
Test Fast 15	pending	0	https://github.com/antiwork/gumroad/actions/runs/35050714980/job/104651626630	
Test Fast 16	pending	0	https://github.com/antiwork/gumroad/actions/runs/35050714980/job/104651626665	
Test Fast 17	pending	0	https://github.com/antiwork/gumroad/actions/runs/35050714980/job/104651626703	
Test Fast 2	pending	0	https://github.com/antiwork/gumroad/actions/runs/35050714980/job/104651626540	
Test Fast 3	pending	0	https://github.com/antiwork/gumroad/actions/runs/35050714980/job/104651626527	
Test Fast 4	pending	0	https://github.com/antiwork/gumroad/actions/runs/35050714980/job/104651626629	
Test Fast 5	pending	0	https://github.com/antiwork/gumroad/actions/runs/35050714980/job/104651626530	
Test Fast 6	pending	0	https://github.com/antiwork/gumroad/actions/runs/35050714980/job/104651626608	
Test Fast 7	pending	0	https://github.com/antiwork/gumroad/actions/runs/35050714980/job/104651626638	
Test Fast 8	pending	0	https://github.com/antiwork/gumroad/actions/runs/35050714980/job/104651626574	
Test Fast 9	pending	0	https://github.com/antiwork/gumroad/actions/runs/35050714980/job/104651626580	
Test Slow 0	pending	0	https://github.com/antiwork/gumroad/actions/runs/35050714980/job/104651627548	
Test Slow 1	pending	0	https://github.com/antiwork/gumroad/actions/runs/35050714980/job/104651627158	
Test Slow 10	pending	0	https://github.com/antiwork/gumroad/actions/runs/35050714980/job/104651627094	
Test Slow 11	pending	0	https://github.com/antiwork/gumroad/actions/runs/35050714980/job/104651627162	
Test Slow 12	pending	0	https://github.com/antiwork/gumroad/actions/runs/35050714980/job/104651627181	
Test Slow 13	pending	0	https://github.com/antiwork/gumroad/actions/runs/35050714980/job/104651627172	
Test Slow 14	pending	0	https://github.com/antiwork/gumroad/actions/runs/35050714980/job/104651627129	
Test Slow 15	pending	0	https://github.com/antiwork/gumroad/actions/runs/35050714980/job/104651627188	
Test Slow 16	pending	0	https://github.com/antiwork/gumroad/actions/runs/35050714980/job/104651627208	
Test Slow 17	pending	0	https://github.com/antiwork/gumroad/actions/runs/35050714980/job/104651627269	
Test Slow 18	pending	0	https://github.com/antiwork/gumroad/actions/runs/35050714980/job/104651627110	
Test Slow 19	pending	0	https://github.com/antiwork/gumroad/actions/runs/35050714980/job/104651627185	
Test Slow 2	pending	0	https://github.com/antiwork/gumroad/actions/runs/35050714980/job/104651627118	
Test Slow 20	pending	0	https://github.com/antiwork/gumroad/actions/runs/35050714980/job/104651627284	
Test Slow 21	pending	0	https://github.com/antiwork/gumroad/actions/runs/35050714980/job/104651627202	
Test Slow 22	pending	0	https://github.com/antiwork/gumroad/actions/runs/35050714980/job/104651627388	
Test Slow 23	pending	0	https://github.com/antiwork/gumroad/actions/runs/35050714980/job/104651627370	
Test Slow 24	pending	0	https://github.com/antiwork/gumroad/actions/runs/35050714980/job/104651627184	
Test Slow 25	pending	0	https://github.com/antiwork/gumroad/actions/runs/35050714980/job/104651627408	
Test Slow 26	pending	0	https://github.com/antiwork/gumroad/actions/runs/35050714980/job/104651627169	
Test Slow 27	pending	0	https://github.com/antiwork/gumroad/actions/runs/35050714980/job/104651627271	
Test Slow 28	pending	0	https://github.com/antiwork/gumroad/actions/runs/35050714980/job/104651627250	
Test Slow 29	pending	0	https://github.com/antiwork/gumroad/actions/runs/35050714980/job/104651627267	
Test Slow 3	pending	0	https://github.com/antiwork/gumroad/actions/runs/35050714980/job/104651627083	
Test Slow 30	pending	0	https://github.com/antiwork/gumroad/actions/runs/35050714980/job/104651627322	
Test Slow 31	pending	0	https://github.com/antiwork/gumroad/actions/runs/35050714980/job/104651627235	
Test Slow 32	pending	0	https://github.com/antiwork/gumroad/actions/runs/35050714980/job/104651627221	
Test Slow 33	pending	0	https://github.com/antiwork/gumroad/actions/runs/35050714980/job/104651627350	
Test Slow 34	pending	0	https://github.com/antiwork/gumroad/actions/runs/35050714980/job/104651627311	
Test Slow 35	pending	0	https://github.com/antiwork/gumroad/actions/runs/35050714980/job/104651627265	
Test Slow 36	pending	0	https://github.com/antiwork/gumroad/actions/runs/35050714980/job/104651627251	
Test Slow 37	pending	0	https://github.com/antiwork/gumroad/actions/runs/35050714980/job/104651627362	
Test Slow 38	pending	0	https://github.com/antiwork/gumroad/actions/runs/35050714980/job/104651627275	
Run scope	pass	6s	https://github.com/antiwork/gumroad/actions/runs/35050714980/job/104650311496	
Test Slow 4	pending	0	https://github.com/antiwork/gumroad/actions/runs/35050714980/job/104651627097	
Test Slow 8	pending	0	https://github.com/antiwork/gumroad/actions/runs/35050714980/job/104651627135	
Test Slow 9	pending	0	https://github.com/antiwork/gumroad/actions/runs/35050714980/job/104651627071	
Test Slow 39	pending	0	https://github.com/antiwork/gumroad/actions/runs/35050714980/job/104651627189	
Test Slow 43	pending	0	https://github.com/antiwork/gumroad/actions/runs/35050714980/job/104651627246	
Test Slow 48	pending	0	https://github.com/antiwork/gumroad/actions/runs/35050714980/job/104651627352	
Test Slow 49	pending	0	https://github.com/antiwork/gumroad/actions/runs/35050714980/job/104651627342	
Test Slow 7	pending	0	https://github.com/antiwork/gumroad/actions/runs/35050714980/job/104651627163	
Test Slow 47	pending	0	https://github.com/antiwork/gumroad/actions/runs/35050714980/job/104651627347	
Test Slow 40	pending	0	https://github.com/antiwork/gumroad/actions/runs/35050714980/job/104651627232	
Test Slow 5	pending	0	https://github.com/antiwork/gumroad/actions/runs/35050714980/job/104651627206	
Test Slow 44	pending	0	https://github.com/antiwork/gumroad/actions/runs/35050714980/job/104651627299	
Test Slow 42	pending	0	https://github.com/antiwork/gumroad/actions/runs/35050714980/job/104651627374	
Test Slow 46	pending	0	https://github.com/antiwork/gumroad/actions/runs/35050714980/job/104651627436	
Test Slow 41	pending	0	https://github.com/antiwork/gumroad/actions/runs/35050714980/job/104651627297	
Test Slow 45	pending	0	https://github.com/antiwork/gumroad/actions/runs/35050714980/job/104651627417	
Test Relevant ${{ matrix.ci_node_index }}${{ (((github.event_name == 'pull_request_target') && (github.event.pull_request.head.repo.full_name == github.repository) && ' (internal PR noop)') || '') }}	skipping	0	https://github.com/antiwork/gumroad/actions/runs/35050714980/job/104651627331	
Lint Ruby	pass	1m18s	https://github.com/antiwork/gumroad/actions/runs/35050714980/job/104650311470	
buildkite/gumroad	pending	0	https://buildkite.com/gumroad-inc/gumroad/builds/23259	Build #23259 started
Compute relevant specs	skipping	0	https://github.com/antiwork/gumroad/actions/runs/35050714980/job/104650355891	
Build images	pass	6m38s	https://github.com/antiwork/gumroad/actions/runs/35050714980/job/104650311479	
Test Slow 6	pending	0	https://github.com/antiwork/gumroad/actions/runs/35050714980/job/104651627072	
Lint JS/TS	pass	5m53s	https://github.com/antiwork/gumroad/actions/runs/35050714980/job/104650311436	
Migration versions	pass	59s	https://github.com/antiwork/gumroad/actions/runs/35050714980/job/104650311508	
Test Slow ${{ matrix.ci_node_index }}${{ (((github.event_name == 'pull_request_target') && (github.event.pull_request.head.repo.full_name == github.repository) && ' (internal PR noop)') || '') }}	skipping	0	https://github.com/antiwork/gumroad/actions/runs/35050716324/job/104650317625	
Test Minitest ${{ matrix.ci_node_index }}${{ (((github.event_name == 'pull_request_target') && (github.event.pull_request.head.repo.full_name == github.repository) && ' (internal PR noop)') || '') }}	skipping	0	https://github.com/antiwork/gumroad/actions/runs/35050716324/job/104650317299	
Test Fast ${{ matrix.ci_node_index }}${{ (((github.event_name == 'pull_request_target') && (github.event.pull_request.head.repo.full_name == github.repository) && ' (internal PR noop)') || '') }}	skipping	0	https://github.com/antiwork/gumroad/actions/runs/35050716324/job/104650317581	
Typecheck TS	skipping	0	https://github.com/antiwork/gumroad/actions/runs/35050716324/job/104650316953	
Migration versions	skipping	0	https://github.com/antiwork/gumroad/actions/runs/35050716324/job/104650317444	
Build images${{ (((github.event_name == 'pull_request_target') && (github.event.pull_request.head.repo.full_name == github.repository) && ' (internal PR noop)') || '') }}	skipping	0	https://github.com/antiwork/gumroad/actions/runs/35050716324/job/104650317333	
Lint JS/TS	skipping	0	https://github.com/antiwork/gumroad/actions/runs/35050716324/job/104650316899	
Unblock deployment from Buildkite	skipping	0	https://github.com/antiwork/gumroad/actions/runs/35050716324/job/104650318166	
Reuse full suite	skipping	0	https://github.com/antiwork/gumroad/actions/runs/35050716324/job/104650317341	
Lint Ruby	skipping	0	https://github.com/antiwork/gumroad/actions/runs/35050716324/job/104650317282	
Compute relevant specs	skipping	0	https://github.com/antiwork/gumroad/actions/runs/35050716324/job/104650317696	
Run scope	skipping	0	https://github.com/antiwork/gumroad/actions/runs/35050716324/job/104650317489	
Test Relevant ${{ matrix.ci_node_index }}${{ (((github.event_name == 'pull_request_target') && (github.event.pull_request.head.repo.full_name == github.repository) && ' (internal PR noop)') || '') }}	skipping	0	https://github.com/antiwork/gumroad/actions/runs/35050716324/job/104650317682	
CI Gate	pass	6s	https://github.com/antiwork/gumroad/actions/runs/35050714980/job/104650267828	
CI Gate (internal PR noop)	pass	6s	https://github.com/antiwork/gumroad/actions/runs/35050716324/job/104650272037	
Reuse full suite	skipping	0	https://github.com/antiwork/gumroad/actions/runs/35050714980/job/104650312737	
Test Minitest 0	pass	8m7s	https://github.com/antiwork/gumroad/actions/runs/35050714980/job/104650311594	
Test Minitest 1	pass	8m22s	https://github.com/antiwork/gumroad/actions/runs/35050714980/job/104650311485	
Typecheck TS	pass	1m44s	https://github.com/antiwork/gumroad/actions/runs/35050714980/job/104650311500	
deploy	pass	3s	https://github.com/antiwork/gumroad/actions/runs/35050714909/job/104650267467	
Refreshing checks status every 60 seconds. Press Ctrl+C to quit.

Test Slow 42	fail	8m34s	https://github.com/antiwork/gumroad/actions/runs/35050714980/job/104651627374	
Build images	pass	6m38s	https://github.com/antiwork/gumroad/actions/runs/35050714980/job/104650311479	
CI Gate	pass	6s	https://github.com/antiwork/gumroad/actions/runs/35050714980/job/104650267828	
CI Gate (internal PR noop)	pass	6s	https://github.com/antiwork/gumroad/actions/runs/35050716324/job/104650272037	
Lint JS/TS	pass	5m53s	https://github.com/antiwork/gumroad/actions/runs/35050714980/job/104650311436	
Lint Ruby	pass	1m18s	https://github.com/antiwork/gumroad/actions/runs/35050714980/job/104650311470	
Migration versions	pass	59s	https://github.com/antiwork/gumroad/actions/runs/35050714980/job/104650311508	
Run scope	pass	6s	https://github.com/antiwork/gumroad/actions/runs/35050714980/job/104650311496	
Test Fast 0	pass	8m33s	https://github.com/antiwork/gumroad/actions/runs/35050714980/job/104651626494	
Test Fast 1	pass	8m26s	https://github.com/antiwork/gumroad/actions/runs/35050714980/job/104651626622	
Test Fast 10	pass	8m42s	https://github.com/antiwork/gumroad/actions/runs/35050714980/job/104651626553	
Test Fast 11	pass	8m41s	https://github.com/antiwork/gumroad/actions/runs/35050714980/job/104651626517	
Test Fast 12	pass	8m31s	https://github.com/antiwork/gumroad/actions/runs/35050714980/job/104651626552	
Test Fast 13	pass	8m42s	https://github.com/antiwork/gumroad/actions/runs/35050714980/job/104651626563	
Test Fast 14	pass	8m27s	https://github.com/antiwork/gumroad/actions/runs/35050714980/job/104651626603	
Test Fast 15	pass	8m27s	https://github.com/antiwork/gumroad/actions/runs/35050714980/job/104651626630	
Test Fast 16	pass	8m29s	https://github.com/antiwork/gumroad/actions/runs/35050714980/job/104651626665	
Test Fast 17	pass	8m28s	https://github.com/antiwork/gumroad/actions/runs/35050714980/job/104651626703	
Test Fast 2	pass	8m29s	https://github.com/antiwork/gumroad/actions/runs/35050714980/job/104651626540	
Test Fast 3	pass	8m28s	https://github.com/antiwork/gumroad/actions/runs/35050714980/job/104651626527	
Test Fast 4	pass	8m32s	https://github.com/antiwork/gumroad/actions/runs/35050714980/job/104651626629	
Test Fast 5	pass	8m29s	https://github.com/antiwork/gumroad/actions/runs/35050714980/job/104651626530	
Test Fast 6	pass	8m27s	https://github.com/antiwork/gumroad/actions/runs/35050714980/job/104651626608	
Test Fast 7	pass	8m31s	https://github.com/antiwork/gumroad/actions/runs/35050714980/job/104651626638	
Test Fast 8	pass	8m41s	https://github.com/antiwork/gumroad/actions/runs/35050714980/job/104651626574	
Test Fast 9	pass	8m27s	https://github.com/antiwork/gumroad/actions/runs/35050714980/job/104651626580	
Test Minitest 0	pass	8m7s	https://github.com/antiwork/gumroad/actions/runs/35050714980/job/104650311594	
Test Minitest 1	pass	8m22s	https://github.com/antiwork/gumroad/actions/runs/35050714980/job/104650311485	
Test Slow 0	pass	7m46s	https://github.com/antiwork/gumroad/actions/runs/35050714980/job/104651627548	
Test Slow 1	pass	7m57s	https://github.com/antiwork/gumroad/actions/runs/35050714980/job/104651627158	
Test Slow 10	pass	7m57s	https://github.com/antiwork/gumroad/actions/runs/35050714980/job/104651627094	
Test Slow 11	pass	7m56s	https://github.com/antiwork/gumroad/actions/runs/35050714980/job/104651627162	
Test Slow 12	pass	7m49s	https://github.com/antiwork/gumroad/actions/runs/35050714980/job/104651627181	
Test Slow 13	pass	7m58s	https://github.com/antiwork/gumroad/actions/runs/35050714980/job/104651627172	
Test Slow 14	pass	7m57s	https://github.com/antiwork/gumroad/actions/runs/35050714980/job/104651627129	
Test Slow 15	pass	7m47s	https://github.com/antiwork/gumroad/actions/runs/35050714980/job/104651627188	
Test Slow 16	pass	7m57s	https://github.com/antiwork/gumroad/actions/runs/35050714980/job/104651627208	
Test Slow 17	pass	7m43s	https://github.com/antiwork/gumroad/actions/runs/35050714980/job/104651627269	
Test Slow 18	pass	7m51s	https://github.com/antiwork/gumroad/actions/runs/35050714980/job/104651627110	
Test Slow 19	pass	7m57s	https://github.com/antiwork/gumroad/actions/runs/35050714980/job/104651627185	
Test Slow 2	pass	7m52s	https://github.com/antiwork/gumroad/actions/runs/35050714980/job/104651627118	
Test Slow 20	pass	7m52s	https://github.com/antiwork/gumroad/actions/runs/35050714980/job/104651627284	
Test Slow 21	pass	7m48s	https://github.com/antiwork/gumroad/actions/runs/35050714980/job/104651627202	
Test Slow 22	pass	7m58s	https://github.com/antiwork/gumroad/actions/runs/35050714980/job/104651627388	
Test Slow 23	pass	7m53s	https://github.com/antiwork/gumroad/actions/runs/35050714980/job/104651627370	
Test Slow 24	pass	7m49s	https://github.com/antiwork/gumroad/actions/runs/35050714980/job/104651627184	
Test Slow 25	pass	7m54s	https://github.com/antiwork/gumroad/actions/runs/35050714980/job/104651627408	
Test Slow 26	pass	7m53s	https://github.com/antiwork/gumroad/actions/runs/35050714980/job/104651627169	
Test Slow 27	pass	8m2s	https://github.com/antiwork/gumroad/actions/runs/35050714980/job/104651627271	
Test Slow 28	pass	7m48s	https://github.com/antiwork/gumroad/actions/runs/35050714980/job/104651627250	
Test Slow 29	pass	7m56s	https://github.com/antiwork/gumroad/actions/runs/35050714980/job/104651627267	
Test Slow 3	pass	7m58s	https://github.com/antiwork/gumroad/actions/runs/35050714980/job/104651627083	
Test Slow 30	pass	7m48s	https://github.com/antiwork/gumroad/actions/runs/35050714980/job/104651627322	
Test Slow 31	pass	7m57s	https://github.com/antiwork/gumroad/actions/runs/35050714980/job/104651627235	
Test Slow 32	pass	7m47s	https://github.com/antiwork/gumroad/actions/runs/35050714980/job/104651627221	
Test Slow 33	pass	7m50s	https://github.com/antiwork/gumroad/actions/runs/35050714980/job/104651627350	
Test Slow 34	pass	7m59s	https://github.com/antiwork/gumroad/actions/runs/35050714980/job/104651627311	
Test Slow 35	pass	7m54s	https://github.com/antiwork/gumroad/actions/runs/35050714980/job/104651627265	
Test Slow 36	pass	7m50s	https://github.com/antiwork/gumroad/actions/runs/35050714980/job/104651627251	
Test Slow 37	pass	7m50s	https://github.com/antiwork/gumroad/actions/runs/35050714980/job/104651627362	
Test Slow 38	pass	7m56s	https://github.com/antiwork/gumroad/actions/runs/35050714980/job/104651627275	
Test Slow 39	pass	7m56s	https://github.com/antiwork/gumroad/actions/runs/35050714980/job/104651627189	
Test Slow 4	pass	7m53s	https://github.com/antiwork/gumroad/actions/runs/35050714980/job/104651627097	
Test Slow 40	pass	7m51s	https://github.com/antiwork/gumroad/actions/runs/35050714980/job/104651627232	
Test Slow 41	pass	7m46s	https://github.com/antiwork/gumroad/actions/runs/35050714980/job/104651627297	
Test Slow 43	pass	7m55s	https://github.com/antiwork/gumroad/actions/runs/35050714980/job/104651627246	
Test Slow 44	pass	7m50s	https://github.com/antiwork/gumroad/actions/runs/35050714980/job/104651627299	
Test Slow 45	pass	7m50s	https://github.com/antiwork/gumroad/actions/runs/35050714980/job/104651627417	
Test Slow 46	pass	7m51s	https://github.com/antiwork/gumroad/actions/runs/35050714980/job/104651627436	
Test Slow 47	pass	7m53s	https://github.com/antiwork/gumroad/actions/runs/35050714980/job/104651627347	
Test Slow 48	pass	7m48s	https://github.com/antiwork/gumroad/actions/runs/35050714980/job/104651627352	
Test Slow 49	pass	7m50s	https://github.com/antiwork/gumroad/actions/runs/35050714980/job/104651627342	
Test Slow 5	pass	7m54s	https://github.com/antiwork/gumroad/actions/runs/35050714980/job/104651627206	
Test Slow 6	pass	7m57s	https://github.com/antiwork/gumroad/actions/runs/35050714980/job/104651627072	
Test Slow 7	pass	7m50s	https://github.com/antiwork/gumroad/actions/runs/35050714980/job/104651627163	
Test Slow 8	pass	7m52s	https://github.com/antiwork/gumroad/actions/runs/35050714980/job/104651627135	
Test Relevant ${{ matrix.ci_node_index }}${{ (((github.event_name == 'pull_request_target') && (github.event.pull_request.head.repo.full_name == github.repository) && ' (internal PR noop)') || '') }}	skipping	0	https://github.com/antiwork/gumroad/actions/runs/35050714980/job/104651627331	
Test Fast ${{ matrix.ci_node_index }}${{ (((github.event_name == 'pull_request_target') && (github.event.pull_request.head.repo.full_name == github.repository) && ' (internal PR noop)') || '') }}	skipping	0	https://github.com/antiwork/gumroad/actions/runs/35050716324/job/104650317581	
Reuse full suite	skipping	0	https://github.com/antiwork/gumroad/actions/runs/35050716324/job/104650317341	
Typecheck TS	pass	1m44s	https://github.com/antiwork/gumroad/actions/runs/35050714980/job/104650311500	
buildkite/gumroad	pending	0	https://buildkite.com/gumroad-inc/gumroad/builds/23259	Build #23259 started
Compute relevant specs	skipping	0	https://github.com/antiwork/gumroad/actions/runs/35050716324/job/104650317696	
Lint Ruby	skipping	0	https://github.com/antiwork/gumroad/actions/runs/35050716324/job/104650317282	
Lint JS/TS	skipping	0	https://github.com/antiwork/gumroad/actions/runs/35050716324/job/104650316899	
deploy	pass	3s	https://github.com/antiwork/gumroad/actions/runs/35050714909/job/104650267467	
Test Minitest ${{ matrix.ci_node_index }}${{ (((github.event_name == 'pull_request_target') && (github.event.pull_request.head.repo.full_name == github.repository) && ' (internal PR noop)') || '') }}	skipping	0	https://github.com/antiwork/gumroad/actions/runs/35050716324/job/104650317299	
Compute relevant specs	skipping	0	https://github.com/antiwork/gumroad/actions/runs/35050714980/job/104650355891	
Migration versions	skipping	0	https://github.com/antiwork/gumroad/actions/runs/35050716324/job/104650317444	
Run scope	skipping	0	https://github.com/antiwork/gumroad/actions/runs/35050716324/job/104650317489	
Test Slow 9	pass	7m51s	https://github.com/antiwork/gumroad/actions/runs/35050714980/job/104651627071	
Build images${{ (((github.event_name == 'pull_request_target') && (github.event.pull_request.head.repo.full_name == github.repository) && ' (internal PR noop)') || '') }}	skipping	0	https://github.com/antiwork/gumroad/actions/runs/35050716324/job/104650317333	
Reuse full suite	skipping	0	https://github.com/antiwork/gumroad/actions/runs/35050714980/job/104650312737	
Test Relevant ${{ matrix.ci_node_index }}${{ (((github.event_name == 'pull_request_target') && (github.event.pull_request.head.repo.full_name == github.repository) && ' (internal PR noop)') || '') }}	skipping	0	https://github.com/antiwork/gumroad/actions/runs/35050716324/job/104650317682	
Test Slow ${{ matrix.ci_node_index }}${{ (((github.event_name == 'pull_request_target') && (github.event.pull_request.head.repo.full_name == github.repository) && ' (internal PR noop)') || '') }}	skipping	0	https://github.com/antiwork/gumroad/actions/runs/35050716324/job/104650317625	
Typecheck TS	skipping	0	https://github.com/antiwork/gumroad/actions/runs/35050716324/job/104650316953	
Unblock deployment from Buildkite	skipping	0	https://github.com/antiwork/gumroad/actions/runs/35050714980/job/104653362599	
Unblock deployment from Buildkite	skipping	0	https://github.com/antiwork/gumroad/actions/runs/35050716324/job/104650318166	
Refreshing checks status every 60 seconds. Press Ctrl+C to quit.

Test Slow 42	fail	8m34s	https://github.com/antiwork/gumroad/actions/runs/35050714980/job/104651627374	
ci/green	fail	0	https://github.com/antiwork/gumroad/actions/runs/35050714980	Test suite: failure
Build images	pass	6m38s	https://github.com/antiwork/gumroad/actions/runs/35050714980/job/104650311479	
CI Gate	pass	6s	https://github.com/antiwork/gumroad/actions/runs/35050714980/job/104650267828	
CI Gate (internal PR noop)	pass	6s	https://github.com/antiwork/gumroad/actions/runs/35050716324/job/104650272037	
Lint JS/TS	pass	5m53s	https://github.com/antiwork/gumroad/actions/runs/35050714980/job/104650311436	
Lint Ruby	pass	1m18s	https://github.com/antiwork/gumroad/actions/runs/35050714980/job/104650311470	
Migration versions	pass	59s	https://github.com/antiwork/gumroad/actions/runs/35050714980/job/104650311508	
Run scope	pass	6s	https://github.com/antiwork/gumroad/actions/runs/35050714980/job/104650311496	
Test Fast 0	pass	8m33s	https://github.com/antiwork/gumroad/actions/runs/35050714980/job/104651626494	
Test Fast 1	pass	8m26s	https://github.com/antiwork/gumroad/actions/runs/35050714980/job/104651626622	
Test Fast 10	pass	8m42s	https://github.com/antiwork/gumroad/actions/runs/35050714980/job/104651626553	
Test Fast 11	pass	8m41s	https://github.com/antiwork/gumroad/actions/runs/35050714980/job/104651626517	
Test Fast 12	pass	8m31s	https://github.com/antiwork/gumroad/actions/runs/35050714980/job/104651626552	
Test Fast 13	pass	8m42s	https://github.com/antiwork/gumroad/actions/runs/35050714980/job/104651626563	
Test Fast 14	pass	8m27s	https://github.com/antiwork/gumroad/actions/runs/35050714980/job/104651626603	
Test Fast 15	pass	8m27s	https://github.com/antiwork/gumroad/actions/runs/35050714980/job/104651626630	
Test Fast 16	pass	8m29s	https://github.com/antiwork/gumroad/actions/runs/35050714980/job/104651626665	
Test Fast 17	pass	8m28s	https://github.com/antiwork/gumroad/actions/runs/35050714980/job/104651626703	
Test Fast 2	pass	8m29s	https://github.com/antiwork/gumroad/actions/runs/35050714980/job/104651626540	
Test Fast 3	pass	8m28s	https://github.com/antiwork/gumroad/actions/runs/35050714980/job/104651626527	
Test Fast 4	pass	8m32s	https://github.com/antiwork/gumroad/actions/runs/35050714980/job/104651626629	
Test Fast 5	pass	8m29s	https://github.com/antiwork/gumroad/actions/runs/35050714980/job/104651626530	
Test Fast 6	pass	8m27s	https://github.com/antiwork/gumroad/actions/runs/35050714980/job/104651626608	
Test Fast 7	pass	8m31s	https://github.com/antiwork/gumroad/actions/runs/35050714980/job/104651626638	
Test Fast 8	pass	8m41s	https://github.com/antiwork/gumroad/actions/runs/35050714980/job/104651626574	
Test Fast 9	pass	8m27s	https://github.com/antiwork/gumroad/actions/runs/35050714980/job/104651626580	
Test Minitest 0	pass	8m7s	https://github.com/antiwork/gumroad/actions/runs/35050714980/job/104650311594	
Test Minitest 1	pass	8m22s	https://github.com/antiwork/gumroad/actions/runs/35050714980/job/104650311485	
Test Slow 0	pass	7m46s	https://github.com/antiwork/gumroad/actions/runs/35050714980/job/104651627548	
Test Slow 1	pass	7m57s	https://github.com/antiwork/gumroad/actions/runs/35050714980/job/104651627158	
Test Slow 10	pass	7m57s	https://github.com/antiwork/gumroad/actions/runs/35050714980/job/104651627094	
Test Slow 11	pass	7m56s	https://github.com/antiwork/gumroad/actions/runs/35050714980/job/104651627162	
Test Slow 12	pass	7m49s	https://github.com/antiwork/gumroad/actions/runs/35050714980/job/104651627181	
Test Slow 13	pass	7m58s	https://github.com/antiwork/gumroad/actions/runs/35050714980/job/104651627172	
Test Slow 14	pass	7m57s	https://github.com/antiwork/gumroad/actions/runs/35050714980/job/104651627129	
Test Slow 15	pass	7m47s	https://github.com/antiwork/gumroad/actions/runs/35050714980/job/104651627188	
Test Slow 16	pass	7m57s	https://github.com/antiwork/gumroad/actions/runs/35050714980/job/104651627208	
Test Slow 17	pass	7m43s	https://github.com/antiwork/gumroad/actions/runs/35050714980/job/104651627269	
Test Slow 18	pass	7m51s	https://github.com/antiwork/gumroad/actions/runs/35050714980/job/104651627110	
Test Slow 19	pass	7m57s	https://github.com/antiwork/gumroad/actions/runs/35050714980/job/104651627185	
Test Slow 2	pass	7m52s	https://github.com/antiwork/gumroad/actions/runs/35050714980/job/104651627118	
Test Slow 20	pass	7m52s	https://github.com/antiwork/gumroad/actions/runs/35050714980/job/104651627284	
Test Slow 21	pass	7m48s	https://github.com/antiwork/gumroad/actions/runs/35050714980/job/104651627202	
Test Slow 22	pass	7m58s	https://github.com/antiwork/gumroad/actions/runs/35050714980/job/104651627388	
Test Slow 23	pass	7m53s	https://github.com/antiwork/gumroad/actions/runs/35050714980/job/104651627370	
Test Slow 24	pass	7m49s	https://github.com/antiwork/gumroad/actions/runs/35050714980/job/104651627184	
Test Slow 25	pass	7m54s	https://github.com/antiwork/gumroad/actions/runs/35050714980/job/104651627408	
Test Slow 26	pass	7m53s	https://github.com/antiwork/gumroad/actions/runs/35050714980/job/104651627169	
Test Slow 27	pass	8m2s	https://github.com/antiwork/gumroad/actions/runs/35050714980/job/104651627271	
Test Slow 28	pass	7m48s	https://github.com/antiwork/gumroad/actions/runs/35050714980/job/104651627250	
Test Slow 29	pass	7m56s	https://github.com/antiwork/gumroad/actions/runs/35050714980/job/104651627267	
Test Slow 3	pass	7m58s	https://github.com/antiwork/gumroad/actions/runs/35050714980/job/104651627083	
Test Slow 30	pass	7m48s	https://github.com/antiwork/gumroad/actions/runs/35050714980/job/104651627322	
Test Slow 31	pass	7m57s	https://github.com/antiwork/gumroad/actions/runs/35050714980/job/104651627235	
Test Slow 32	pass	7m47s	https://github.com/antiwork/gumroad/actions/runs/35050714980/job/104651627221	
Test Slow 33	pass	7m50s	https://github.com/antiwork/gumroad/actions/runs/35050714980/job/104651627350	
Test Slow 34	pass	7m59s	https://github.com/antiwork/gumroad/actions/runs/35050714980/job/104651627311	
Test Slow 35	pass	7m54s	https://github.com/antiwork/gumroad/actions/runs/35050714980/job/104651627265	
Test Slow 36	pass	7m50s	https://github.com/antiwork/gumroad/actions/runs/35050714980/job/104651627251	
Test Slow 37	pass	7m50s	https://github.com/antiwork/gumroad/actions/runs/35050714980/job/104651627362	
Test Slow 38	pass	7m56s	https://github.com/antiwork/gumroad/actions/runs/35050714980/job/104651627275	
Test Slow 39	pass	7m56s	https://github.com/antiwork/gumroad/actions/runs/35050714980/job/104651627189	
Test Slow 4	pass	7m53s	https://github.com/antiwork/gumroad/actions/runs/35050714980/job/104651627097	
Test Slow 40	pass	7m51s	https://github.com/antiwork/gumroad/actions/runs/35050714980/job/104651627232	
Test Slow 41	pass	7m46s	https://github.com/antiwork/gumroad/actions/runs/35050714980/job/104651627297	
Test Slow 43	pass	7m55s	https://github.com/antiwork/gumroad/actions/runs/35050714980/job/104651627246	
Test Slow 44	pass	7m50s	https://github.com/antiwork/gumroad/actions/runs/35050714980/job/104651627299	
Test Slow 45	pass	7m50s	https://github.com/antiwork/gumroad/actions/runs/35050714980/job/104651627417	
Test Slow 46	pass	7m51s	https://github.com/antiwork/gumroad/actions/runs/35050714980/job/104651627436	
Test Slow 47	pass	7m53s	https://github.com/antiwork/gumroad/actions/runs/35050714980/job/104651627347	
Test Slow 48	pass	7m48s	https://github.com/antiwork/gumroad/actions/runs/35050714980/job/104651627352	
Test Slow 49	pass	7m50s	https://github.com/antiwork/gumroad/actions/runs/35050714980/job/104651627342	
Test Slow 5	pass	7m54s	https://github.com/antiwork/gumroad/actions/runs/35050714980/job/104651627206	
Test Slow 6	pass	7m57s	https://github.com/antiwork/gumroad/actions/runs/35050714980/job/104651627072	
Test Slow 7	pass	7m50s	https://github.com/antiwork/gumroad/actions/runs/35050714980/job/104651627163	
Test Slow 8	pass	7m52s	https://github.com/antiwork/gumroad/actions/runs/35050714980/job/104651627135	
Migration versions	skipping	0	https://github.com/antiwork/gumroad/actions/runs/35050716324/job/104650317444	
buildkite/gumroad	pending	0	https://buildkite.com/gumroad-inc/gumroad/builds/23259	Build #23259 started
Compute relevant specs	skipping	0	https://github.com/antiwork/gumroad/actions/runs/35050714980/job/104650355891	
Test Slow 9	pass	7m51s	https://github.com/antiwork/gumroad/actions/runs/35050714980/job/104651627071	
Compute relevant specs	skipping	0	https://github.com/antiwork/gumroad/actions/runs/35050716324/job/104650317696	
Lint Ruby	skipping	0	https://github.com/antiwork/gumroad/actions/runs/35050716324/job/104650317282	
Lint JS/TS	skipping	0	https://github.com/antiwork/gumroad/actions/runs/35050716324/job/104650316899	
deploy	pass	3s	https://github.com/antiwork/gumroad/actions/runs/35050714909/job/104650267467	
Build images${{ (((github.event_name == 'pull_request_target') && (github.event.pull_request.head.repo.full_name == github.repository) && ' (internal PR noop)') || '') }}	skipping	0	https://github.com/antiwork/gumroad/actions/runs/35050716324/job/104650317333	
Typecheck TS	pass	1m44s	https://github.com/antiwork/gumroad/actions/runs/35050714980/job/104650311500	
Reuse full suite	skipping	0	https://github.com/antiwork/gumroad/actions/runs/35050714980/job/104650312737	
Reuse full suite	skipping	0	https://github.com/antiwork/gumroad/actions/runs/35050716324/job/104650317341	
Run scope	skipping	0	https://github.com/antiwork/gumroad/actions/runs/35050716324/job/104650317489	
Test Fast ${{ matrix.ci_node_index }}${{ (((github.event_name == 'pull_request_target') && (github.event.pull_request.head.repo.full_name == github.repository) && ' (internal PR noop)') || '') }}	skipping	0	https://github.com/antiwork/gumroad/actions/runs/35050716324/job/104650317581	
Test Minitest ${{ matrix.ci_node_index }}${{ (((github.event_name == 'pull_request_target') && (github.event.pull_request.head.repo.full_name == github.repository) && ' (internal PR noop)') || '') }}	skipping	0	https://github.com/antiwork/gumroad/actions/runs/35050716324/job/104650317299	
Test Relevant ${{ matrix.ci_node_index }}${{ (((github.event_name == 'pull_request_target') && (github.event.pull_request.head.repo.full_name == github.repository) && ' (internal PR noop)') || '') }}	skipping	0	https://github.com/antiwork/gumroad/actions/runs/35050714980/job/104651627331	
Test Relevant ${{ matrix.ci_node_index }}${{ (((github.event_name == 'pull_request_target') && (github.event.pull_request.head.repo.full_name == github.repository) && ' (internal PR noop)') || '') }}	skipping	0	https://github.com/antiwork/gumroad/actions/runs/35050716324/job/104650317682	
Test Slow ${{ matrix.ci_node_index }}${{ (((github.event_name == 'pull_request_target') && (github.event.pull_request.head.repo.full_name == github.repository) && ' (internal PR noop)') || '') }}	skipping	0	https://github.com/antiwork/gumroad/actions/runs/35050716324/job/104650317625	
Typecheck TS	skipping	0	https://github.com/antiwork/gumroad/actions/runs/35050716324/job/104650316953	
Unblock deployment from Buildkite	skipping	0	https://github.com/antiwork/gumroad/actions/runs/35050714980/job/104653362599	
Unblock deployment from Buildkite	skipping	0	https://github.com/antiwork/gumroad/actions/runs/35050716324/job/104650318166	
Refreshing checks status every 60 seconds. Press Ctrl+C to quit.

Test Slow 42	fail	8m34s	https://github.com/antiwork/gumroad/actions/runs/35050714980/job/104651627374	
ci/green	fail	0	https://github.com/antiwork/gumroad/actions/runs/35050714980	Test suite: failure
Build images	pass	6m38s	https://github.com/antiwork/gumroad/actions/runs/35050714980/job/104650311479	
CI Gate	pass	6s	https://github.com/antiwork/gumroad/actions/runs/35050714980/job/104650267828	
CI Gate (internal PR noop)	pass	6s	https://github.com/antiwork/gumroad/actions/runs/35050716324/job/104650272037	
Lint JS/TS	pass	5m53s	https://github.com/antiwork/gumroad/actions/runs/35050714980/job/104650311436	
Lint Ruby	pass	1m18s	https://github.com/antiwork/gumroad/actions/runs/35050714980/job/104650311470	
Migration versions	pass	59s	https://github.com/antiwork/gumroad/actions/runs/35050714980/job/104650311508	
Run scope	pass	6s	https://github.com/antiwork/gumroad/actions/runs/35050714980/job/104650311496	
Test Fast 0	pass	8m33s	https://github.com/antiwork/gumroad/actions/runs/35050714980/job/104651626494	
Test Fast 1	pass	8m26s	https://github.com/antiwork/gumroad/actions/runs/35050714980/job/104651626622	
Test Fast 10	pass	8m42s	https://github.com/antiwork/gumroad/actions/runs/35050714980/job/104651626553	
Test Fast 11	pass	8m41s	https://github.com/antiwork/gumroad/actions/runs/35050714980/job/104651626517	
Test Fast 12	pass	8m31s	https://github.com/antiwork/gumroad/actions/runs/35050714980/job/104651626552	
Test Fast 13	pass	8m42s	https://github.com/antiwork/gumroad/actions/runs/35050714980/job/104651626563	
Test Fast 14	pass	8m27s	https://github.com/antiwork/gumroad/actions/runs/35050714980/job/104651626603	
Test Fast 15	pass	8m27s	https://github.com/antiwork/gumroad/actions/runs/35050714980/job/104651626630	
Test Fast 16	pass	8m29s	https://github.com/antiwork/gumroad/actions/runs/35050714980/job/104651626665	
Test Fast 17	pass	8m28s	https://github.com/antiwork/gumroad/actions/runs/35050714980/job/104651626703	
Test Fast 2	pass	8m29s	https://github.com/antiwork/gumroad/actions/runs/35050714980/job/104651626540	
Test Fast 3	pass	8m28s	https://github.com/antiwork/gumroad/actions/runs/35050714980/job/104651626527	
Test Fast 4	pass	8m32s	https://github.com/antiwork/gumroad/actions/runs/35050714980/job/104651626629	
Test Fast 5	pass	8m29s	https://github.com/antiwork/gumroad/actions/runs/35050714980/job/104651626530	
Test Fast 6	pass	8m27s	https://github.com/antiwork/gumroad/actions/runs/35050714980/job/104651626608	
Test Fast 7	pass	8m31s	https://github.com/antiwork/gumroad/actions/runs/35050714980/job/104651626638	
Test Fast 8	pass	8m41s	https://github.com/antiwork/gumroad/actions/runs/35050714980/job/104651626574	
Test Fast 9	pass	8m27s	https://github.com/antiwork/gumroad/actions/runs/35050714980/job/104651626580	
Test Minitest 0	pass	8m7s	https://github.com/antiwork/gumroad/actions/runs/35050714980/job/104650311594	
Test Minitest 1	pass	8m22s	https://github.com/antiwork/gumroad/actions/runs/35050714980/job/104650311485	
Test Slow 0	pass	7m46s	https://github.com/antiwork/gumroad/actions/runs/35050714980/job/104651627548	
Test Slow 1	pass	7m57s	https://github.com/antiwork/gumroad/actions/runs/35050714980/job/104651627158	
Test Slow 10	pass	7m57s	https://github.com/antiwork/gumroad/actions/runs/35050714980/job/104651627094	
Test Slow 11	pass	7m56s	https://github.com/antiwork/gumroad/actions/runs/35050714980/job/104651627162	
Test Slow 12	pass	7m49s	https://github.com/antiwork/gumroad/actions/runs/35050714980/job/104651627181	
Test Slow 13	pass	7m58s	https://github.com/antiwork/gumroad/actions/runs/35050714980/job/104651627172	
Test Slow 14	pass	7m57s	https://github.com/antiwork/gumroad/actions/runs/35050714980/job/104651627129	
Test Slow 15	pass	7m47s	https://github.com/antiwork/gumroad/actions/runs/35050714980/job/104651627188	
Test Slow 16	pass	7m57s	https://github.com/antiwork/gumroad/actions/runs/35050714980/job/104651627208	
Test Slow 17	pass	7m43s	https://github.com/antiwork/gumroad/actions/runs/35050714980/job/104651627269	
Test Slow 18	pass	7m51s	https://github.com/antiwork/gumroad/actions/runs/35050714980/job/104651627110	
Test Slow 19	pass	7m57s	https://github.com/antiwork/gumroad/actions/runs/35050714980/job/104651627185	
Test Slow 2	pass	7m52s	https://github.com/antiwork/gumroad/actions/runs/35050714980/job/104651627118	
Test Slow 20	pass	7m52s	https://github.com/antiwork/gumroad/actions/runs/35050714980/job/104651627284	
Test Slow 21	pass	7m48s	https://github.com/antiwork/gumroad/actions/runs/35050714980/job/104651627202	
Test Slow 22	pass	7m58s	https://github.com/antiwork/gumroad/actions/runs/35050714980/job/104651627388	
Test Slow 23	pass	7m53s	https://github.com/antiwork/gumroad/actions/runs/35050714980/job/104651627370	
Test Slow 24	pass	7m49s	https://github.com/antiwork/gumroad/actions/runs/35050714980/job/104651627184	
Test Slow 25	pass	7m54s	https://github.com/antiwork/gumroad/actions/runs/35050714980/job/104651627408	
Test Slow 26	pass	7m53s	https://github.com/antiwork/gumroad/actions/runs/35050714980/job/104651627169	
Test Slow 27	pass	8m2s	https://github.com/antiwork/gumroad/actions/runs/35050714980/job/104651627271	
Test Slow 28	pass	7m48s	https://github.com/antiwork/gumroad/actions/runs/35050714980/job/104651627250	
Test Slow 29	pass	7m56s	https://github.com/antiwork/gumroad/actions/runs/35050714980/job/104651627267	
Test Slow 3	pass	7m58s	https://github.com/antiwork/gumroad/actions/runs/35050714980/job/104651627083	
Test Slow 30	pass	7m48s	https://github.com/antiwork/gumroad/actions/runs/35050714980/job/104651627322	
Test Slow 31	pass	7m57s	https://github.com/antiwork/gumroad/actions/runs/35050714980/job/104651627235	
Test Slow 32	pass	7m47s	https://github.com/antiwork/gumroad/actions/runs/35050714980/job/104651627221	
Test Slow 33	pass	7m50s	https://github.com/antiwork/gumroad/actions/runs/35050714980/job/104651627350	
Test Slow 34	pass	7m59s	https://github.com/antiwork/gumroad/actions/runs/35050714980/job/104651627311	
Test Slow 35	pass	7m54s	https://github.com/antiwork/gumroad/actions/runs/35050714980/job/104651627265	
Test Slow 36	pass	7m50s	https://github.com/antiwork/gumroad/actions/runs/35050714980/job/104651627251	
Test Slow 37	pass	7m50s	https://github.com/antiwork/gumroad/actions/runs/35050714980/job/104651627362	
Test Slow 38	pass	7m56s	https://github.com/antiwork/gumroad/actions/runs/35050714980/job/104651627275	
Test Slow 39	pass	7m56s	https://github.com/antiwork/gumroad/actions/runs/35050714980/job/104651627189	
Test Slow 4	pass	7m53s	https://github.com/antiwork/gumroad/actions/runs/35050714980/job/104651627097	
Test Slow 40	pass	7m51s	https://github.com/antiwork/gumroad/actions/runs/35050714980/job/104651627232	
Test Slow 41	pass	7m46s	https://github.com/antiwork/gumroad/actions/runs/35050714980/job/104651627297	
Test Slow 43	pass	7m55s	https://github.com/antiwork/gumroad/actions/runs/35050714980/job/104651627246	
Test Slow 44	pass	7m50s	https://github.com/antiwork/gumroad/actions/runs/35050714980/job/104651627299	
Test Slow 45	pass	7m50s	https://github.com/antiwork/gumroad/actions/runs/35050714980/job/104651627417	
Test Slow 46	pass	7m51s	https://github.com/antiwork/gumroad/actions/runs/35050714980/job/104651627436	
Test Slow 47	pass	7m53s	https://github.com/antiwork/gumroad/actions/runs/35050714980/job/104651627347	
Test Slow 48	pass	7m48s	https://github.com/antiwork/gumroad/actions/runs/35050714980/job/104651627352	
Test Slow 49	pass	7m50s	https://github.com/antiwork/gumroad/actions/runs/35050714980/job/104651627342	
Test Slow 5	pass	7m54s	https://github.com/antiwork/gumroad/actions/runs/35050714980/job/104651627206	
Test Slow 6	pass	7m57s	https://github.com/antiwork/gumroad/actions/runs/35050714980/job/104651627072	
Test Slow 7	pass	7m50s	https://github.com/antiwork/gumroad/actions/runs/35050714980/job/104651627163	
Test Slow 8	pass	7m52s	https://github.com/antiwork/gumroad/actions/runs/35050714980/job/104651627135	
Migration versions	skipping	0	https://github.com/antiwork/gumroad/actions/runs/35050716324/job/104650317444	
buildkite/gumroad	pending	0	https://buildkite.com/gumroad-inc/gumroad/builds/23259	Build #23259 started
Compute relevant specs	skipping	0	https://github.com/antiwork/gumroad/actions/runs/35050714980/job/104650355891	
Test Slow 9	pass	7m51s	https://github.com/antiwork/gumroad/actions/runs/35050714980/job/104651627071	
Compute relevant specs	skipping	0	https://github.com/antiwork/gumroad/actions/runs/35050716324/job/104650317696	
Lint Ruby	skipping	0	https://github.com/antiwork/gumroad/actions/runs/35050716324/job/104650317282	
Lint JS/TS	skipping	0	https://github.com/antiwork/gumroad/actions/runs/35050716324/job/104650316899	
deploy	pass	3s	https://github.com/antiwork/gumroad/actions/runs/35050714909/job/104650267467	
Build images${{ (((github.event_name == 'pull_request_target') && (github.event.pull_request.head.repo.full_name == github.repository) && ' (internal PR noop)') || '') }}	skipping	0	https://github.com/antiwork/gumroad/actions/runs/35050716324/job/104650317333	
Typecheck TS	pass	1m44s	https://github.com/antiwork/gumroad/actions/runs/35050714980/job/104650311500	
Reuse full suite	skipping	0	https://github.com/antiwork/gumroad/actions/runs/35050714980/job/104650312737	
Reuse full suite	skipping	0	https://github.com/antiwork/gumroad/actions/runs/35050716324/job/104650317341	
Run scope	skipping	0	https://github.com/antiwork/gumroad/actions/runs/35050716324/job/104650317489	
Test Fast ${{ matrix.ci_node_index }}${{ (((github.event_name == 'pull_request_target') && (github.event.pull_request.head.repo.full_name == github.repository) && ' (internal PR noop)') || '') }}	skipping	0	https://github.com/antiwork/gumroad/actions/runs/35050716324/job/104650317581	
Test Minitest ${{ matrix.ci_node_index }}${{ (((github.event_name == 'pull_request_target') && (github.event.pull_request.head.repo.full_name == github.repository) && ' (internal PR noop)') || '') }}	skipping	0	https://github.com/antiwork/gumroad/actions/runs/35050716324/job/104650317299	
Test Relevant ${{ matrix.ci_node_index }}${{ (((github.event_name == 'pull_request_target') && (github.event.pull_request.head.repo.full_name == github.repository) && ' (internal PR noop)') || '') }}	skipping	0	https://github.com/antiwork/gumroad/actions/runs/35050714980/job/104651627331	
Test Relevant ${{ matrix.ci_node_index }}${{ (((github.event_name == 'pull_request_target') && (github.event.pull_request.head.repo.full_name == github.repository) && ' (internal PR noop)') || '') }}	skipping	0	https://github.com/antiwork/gumroad/actions/runs/35050716324/job/104650317682	
Test Slow ${{ matrix.ci_node_index }}${{ (((github.event_name == 'pull_request_target') && (github.event.pull_request.head.repo.full_name == github.repository) && ' (internal PR noop)') || '') }}	skipping	0	https://github.com/antiwork/gumroad/actions/runs/35050716324/job/104650317625	
Typecheck TS	skipping	0	https://github.com/antiwork/gumroad/actions/runs/35050716324/job/104650316953	
Unblock deployment from Buildkite	skipping	0	https://github.com/antiwork/gumroad/actions/runs/35050714980/job/104653362599	
Unblock deployment from Buildkite	skipping	0	https://github.com/antiwork/gumroad/actions/runs/35050716324/job/104650318166	
Refreshing checks status every 60 seconds. Press Ctrl+C to quit.

Test Slow 42	fail	8m34s	https://github.com/antiwork/gumroad/actions/runs/35050714980/job/104651627374	
ci/green	fail	0	https://github.com/antiwork/gumroad/actions/runs/35050714980	Test suite: failure
Build images	pass	6m38s	https://github.com/antiwork/gumroad/actions/runs/35050714980/job/104650311479	
CI Gate	pass	6s	https://github.com/antiwork/gumroad/actions/runs/35050714980/job/104650267828	
CI Gate (internal PR noop)	pass	6s	https://github.com/antiwork/gumroad/actions/runs/35050716324/job/104650272037	
Lint JS/TS	pass	5m53s	https://github.com/antiwork/gumroad/actions/runs/35050714980/job/104650311436	
Lint Ruby	pass	1m18s	https://github.com/antiwork/gumroad/actions/runs/35050714980/job/104650311470	
Migration versions	pass	59s	https://github.com/antiwork/gumroad/actions/runs/35050714980/job/104650311508	
Run scope	pass	6s	https://github.com/antiwork/gumroad/actions/runs/35050714980/job/104650311496	
Test Fast 0	pass	8m33s	https://github.com/antiwork/gumroad/actions/runs/35050714980/job/104651626494	
Test Fast 1	pass	8m26s	https://github.com/antiwork/gumroad/actions/runs/35050714980/job/104651626622	
Test Fast 10	pass	8m42s	https://github.com/antiwork/gumroad/actions/runs/35050714980/job/104651626553	
Test Fast 11	pass	8m41s	https://github.com/antiwork/gumroad/actions/runs/35050714980/job/104651626517	
Test Fast 12	pass	8m31s	https://github.com/antiwork/gumroad/actions/runs/35050714980/job/104651626552	
Test Fast 13	pass	8m42s	https://github.com/antiwork/gumroad/actions/runs/35050714980/job/104651626563	
Test Fast 14	pass	8m27s	https://github.com/antiwork/gumroad/actions/runs/35050714980/job/104651626603	
Test Fast 15	pass	8m27s	https://github.com/antiwork/gumroad/actions/runs/35050714980/job/104651626630	
Test Fast 16	pass	8m29s	https://github.com/antiwork/gumroad/actions/runs/35050714980/job/104651626665	
Test Fast 17	pass	8m28s	https://github.com/antiwork/gumroad/actions/runs/35050714980/job/104651626703	
Test Fast 2	pass	8m29s	https://github.com/antiwork/gumroad/actions/runs/35050714980/job/104651626540	
Test Fast 3	pass	8m28s	https://github.com/antiwork/gumroad/actions/runs/35050714980/job/104651626527	
Test Fast 4	pass	8m32s	https://github.com/antiwork/gumroad/actions/runs/35050714980/job/104651626629	
Test Fast 5	pass	8m29s	https://github.com/antiwork/gumroad/actions/runs/35050714980/job/104651626530	
Test Fast 6	pass	8m27s	https://github.com/antiwork/gumroad/actions/runs/35050714980/job/104651626608	
Test Fast 7	pass	8m31s	https://github.com/antiwork/gumroad/actions/runs/35050714980/job/104651626638	
Test Fast 8	pass	8m41s	https://github.com/antiwork/gumroad/actions/runs/35050714980/job/104651626574	
Test Fast 9	pass	8m27s	https://github.com/antiwork/gumroad/actions/runs/35050714980/job/104651626580	
Test Minitest 0	pass	8m7s	https://github.com/antiwork/gumroad/actions/runs/35050714980/job/104650311594	
Test Minitest 1	pass	8m22s	https://github.com/antiwork/gumroad/actions/runs/35050714980/job/104650311485	
Test Slow 0	pass	7m46s	https://github.com/antiwork/gumroad/actions/runs/35050714980/job/104651627548	
Test Slow 1	pass	7m57s	https://github.com/antiwork/gumroad/actions/runs/35050714980/job/104651627158	
Test Slow 10	pass	7m57s	https://github.com/antiwork/gumroad/actions/runs/35050714980/job/104651627094	
Test Slow 11	pass	7m56s	https://github.com/antiwork/gumroad/actions/runs/35050714980/job/104651627162	
Test Slow 12	pass	7m49s	https://github.com/antiwork/gumroad/actions/runs/35050714980/job/104651627181	
Test Slow 13	pass	7m58s	https://github.com/antiwork/gumroad/actions/runs/35050714980/job/104651627172	
Test Slow 14	pass	7m57s	https://github.com/antiwork/gumroad/actions/runs/35050714980/job/104651627129	
Test Slow 15	pass	7m47s	https://github.com/antiwork/gumroad/actions/runs/35050714980/job/104651627188	
Test Slow 16	pass	7m57s	https://github.com/antiwork/gumroad/actions/runs/35050714980/job/104651627208	
Test Slow 17	pass	7m43s	https://github.com/antiwork/gumroad/actions/runs/35050714980/job/104651627269	
Test Slow 18	pass	7m51s	https://github.com/antiwork/gumroad/actions/runs/35050714980/job/104651627110	
Test Slow 19	pass	7m57s	https://github.com/antiwork/gumroad/actions/runs/35050714980/job/104651627185	
Test Slow 2	pass	7m52s	https://github.com/antiwork/gumroad/actions/runs/35050714980/job/104651627118	
Test Slow 20	pass	7m52s	https://github.com/antiwork/gumroad/actions/runs/35050714980/job/104651627284	
Test Slow 21	pass	7m48s	https://github.com/antiwork/gumroad/actions/runs/35050714980/job/104651627202	
Test Slow 22	pass	7m58s	https://github.com/antiwork/gumroad/actions/runs/35050714980/job/104651627388	
Test Slow 23	pass	7m53s	https://github.com/antiwork/gumroad/actions/runs/35050714980/job/104651627370	
Test Slow 24	pass	7m49s	https://github.com/antiwork/gumroad/actions/runs/35050714980/job/104651627184	
Test Slow 25	pass	7m54s	https://github.com/antiwork/gumroad/actions/runs/35050714980/job/104651627408	
Test Slow 26	pass	7m53s	https://github.com/antiwork/gumroad/actions/runs/35050714980/job/104651627169	
Test Slow 27	pass	8m2s	https://github.com/antiwork/gumroad/actions/runs/35050714980/job/104651627271	
Test Slow 28	pass	7m48s	https://github.com/antiwork/gumroad/actions/runs/35050714980/job/104651627250	
Test Slow 29	pass	7m56s	https://github.com/antiwork/gumroad/actions/runs/35050714980/job/104651627267	
Test Slow 3	pass	7m58s	https://github.com/antiwork/gumroad/actions/runs/35050714980/job/104651627083	
Test Slow 30	pass	7m48s	https://github.com/antiwork/gumroad/actions/runs/35050714980/job/104651627322	
Test Slow 31	pass	7m57s	https://github.com/antiwork/gumroad/actions/runs/35050714980/job/104651627235	
Test Slow 32	pass	7m47s	https://github.com/antiwork/gumroad/actions/runs/35050714980/job/104651627221	
Test Slow 33	pass	7m50s	https://github.com/antiwork/gumroad/actions/runs/35050714980/job/104651627350	
Test Slow 34	pass	7m59s	https://github.com/antiwork/gumroad/actions/runs/35050714980/job/104651627311	
Test Slow 35	pass	7m54s	https://github.com/antiwork/gumroad/actions/runs/35050714980/job/104651627265	
Test Slow 36	pass	7m50s	https://github.com/antiwork/gumroad/actions/runs/35050714980/job/104651627251	
Test Slow 37	pass	7m50s	https://github.com/antiwork/gumroad/actions/runs/35050714980/job/104651627362	
Test Slow 38	pass	7m56s	https://github.com/antiwork/gumroad/actions/runs/35050714980/job/104651627275	
Test Slow 39	pass	7m56s	https://github.com/antiwork/gumroad/actions/runs/35050714980/job/104651627189	
Test Slow 4	pass	7m53s	https://github.com/antiwork/gumroad/actions/runs/35050714980/job/104651627097	
Test Slow 40	pass	7m51s	https://github.com/antiwork/gumroad/actions/runs/35050714980/job/104651627232	
Test Slow 41	pass	7m46s	https://github.com/antiwork/gumroad/actions/runs/35050714980/job/104651627297	
Test Slow 43	pass	7m55s	https://github.com/antiwork/gumroad/actions/runs/35050714980/job/104651627246	
Test Slow 44	pass	7m50s	https://github.com/antiwork/gumroad/actions/runs/35050714980/job/104651627299	
Test Slow 45	pass	7m50s	https://github.com/antiwork/gumroad/actions/runs/35050714980/job/104651627417	
Test Slow 46	pass	7m51s	https://github.com/antiwork/gumroad/actions/runs/35050714980/job/104651627436	
Test Slow 47	pass	7m53s	https://github.com/antiwork/gumroad/actions/runs/35050714980/job/104651627347	
Test Slow 48	pass	7m48s	https://github.com/antiwork/gumroad/actions/runs/35050714980/job/104651627352	
Test Slow 49	pass	7m50s	https://github.com/antiwork/gumroad/actions/runs/35050714980/job/104651627342	
Test Slow 5	pass	7m54s	https://github.com/antiwork/gumroad/actions/runs/35050714980/job/104651627206	
Test Slow 6	pass	7m57s	https://github.com/antiwork/gumroad/actions/runs/35050714980/job/104651627072	
Test Slow 7	pass	7m50s	https://github.com/antiwork/gumroad/actions/runs/35050714980/job/104651627163	
Test Slow 8	pass	7m52s	https://github.com/antiwork/gumroad/actions/runs/35050714980/job/104651627135	
Migration versions	skipping	0	https://github.com/antiwork/gumroad/actions/runs/35050716324/job/104650317444	
buildkite/gumroad	pending	0	https://buildkite.com/gumroad-inc/gumroad/builds/23259	Build #23259 started
Compute relevant specs	skipping	0	https://github.com/antiwork/gumroad/actions/runs/35050714980/job/104650355891	
Test Slow 9	pass	7m51s	https://github.com/antiwork/gumroad/actions/runs/35050714980/job/104651627071	
Compute relevant specs	skipping	0	https://github.com/antiwork/gumroad/actions/runs/35050716324/job/104650317696	
Lint Ruby	skipping	0	https://github.com/antiwork/gumroad/actions/runs/35050716324/job/104650317282	
Lint JS/TS	skipping	0	https://github.com/antiwork/gumroad/actions/runs/35050716324/job/104650316899	
deploy	pass	3s	https://github.com/antiwork/gumroad/actions/runs/35050714909/job/104650267467	
Build images${{ (((github.event_name == 'pull_request_target') && (github.event.pull_request.head.repo.full_name == github.repository) && ' (internal PR noop)') || '') }}	skipping	0	https://github.com/antiwork/gumroad/actions/runs/35050716324/job/104650317333	
Typecheck TS	pass	1m44s	https://github.com/antiwork/gumroad/actions/runs/35050714980/job/104650311500	
Reuse full suite	skipping	0	https://github.com/antiwork/gumroad/actions/runs/35050714980/job/104650312737	
Reuse full suite	skipping	0	https://github.com/antiwork/gumroad/actions/runs/35050716324/job/104650317341	
Run scope	skipping	0	https://github.com/antiwork/gumroad/actions/runs/35050716324/job/104650317489	
Test Fast ${{ matrix.ci_node_index }}${{ (((github.event_name == 'pull_request_target') && (github.event.pull_request.head.repo.full_name == github.repository) && ' (internal PR noop)') || '') }}	skipping	0	https://github.com/antiwork/gumroad/actions/runs/35050716324/job/104650317581	
Test Minitest ${{ matrix.ci_node_index }}${{ (((github.event_name == 'pull_request_target') && (github.event.pull_request.head.repo.full_name == github.repository) && ' (internal PR noop)') || '') }}	skipping	0	https://github.com/antiwork/gumroad/actions/runs/35050716324/job/104650317299	
Test Relevant ${{ matrix.ci_node_index }}${{ (((github.event_name == 'pull_request_target') && (github.event.pull_request.head.repo.full_name == github.repository) && ' (internal PR noop)') || '') }}	skipping	0	https://github.com/antiwork/gumroad/actions/runs/35050714980/job/104651627331	
Test Relevant ${{ matrix.ci_node_index }}${{ (((github.event_name == 'pull_request_target') && (github.event.pull_request.head.repo.full_name == github.repository) && ' (internal PR noop)') || '') }}	skipping	0	https://github.com/antiwork/gumroad/actions/runs/35050716324/job/104650317682	
Test Slow ${{ matrix.ci_node_index }}${{ (((github.event_name == 'pull_request_target') && (github.event.pull_request.head.repo.full_name == github.repository) && ' (internal PR noop)') || '') }}	skipping	0	https://github.com/antiwork/gumroad/actions/runs/35050716324/job/104650317625	
Typecheck TS	skipping	0	https://github.com/antiwork/gumroad/actions/runs/35050716324/job/104650316953	
Unblock deployment from Buildkite	skipping	0	https://github.com/antiwork/gumroad/actions/runs/35050714980/job/104653362599	
Unblock deployment from Buildkite	skipping	0	https://github.com/antiwork/gumroad/actions/runs/35050716324/job/104650318166	
Test Slow 42	fail	8m34s	https://github.com/antiwork/gumroad/actions/runs/35050714980/job/104651627374	
ci/green	fail	0	https://github.com/antiwork/gumroad/actions/runs/35050714980	Test suite: failure
Build images	pass	6m38s	https://github.com/antiwork/gumroad/actions/runs/35050714980/job/104650311479	
CI Gate	pass	6s	https://github.com/antiwork/gumroad/actions/runs/35050714980/job/104650267828	
CI Gate (internal PR noop)	pass	6s	https://github.com/antiwork/gumroad/actions/runs/35050716324/job/104650272037	
Lint JS/TS	pass	5m53s	https://github.com/antiwork/gumroad/actions/runs/35050714980/job/104650311436	
Lint Ruby	pass	1m18s	https://github.com/antiwork/gumroad/actions/runs/35050714980/job/104650311470	
Migration versions	pass	59s	https://github.com/antiwork/gumroad/actions/runs/35050714980/job/104650311508	
Run scope	pass	6s	https://github.com/antiwork/gumroad/actions/runs/35050714980/job/104650311496	
Test Fast 0	pass	8m33s	https://github.com/antiwork/gumroad/actions/runs/35050714980/job/104651626494	
Test Fast 1	pass	8m26s	https://github.com/antiwork/gumroad/actions/runs/35050714980/job/104651626622	
Test Fast 10	pass	8m42s	https://github.com/antiwork/gumroad/actions/runs/35050714980/job/104651626553	
Test Fast 11	pass	8m41s	https://github.com/antiwork/gumroad/actions/runs/35050714980/job/104651626517	
Test Fast 12	pass	8m31s	https://github.com/antiwork/gumroad/actions/runs/35050714980/job/104651626552	
Test Fast 13	pass	8m42s	https://github.com/antiwork/gumroad/actions/runs/35050714980/job/104651626563	
Test Fast 14	pass	8m27s	https://github.com/antiwork/gumroad/actions/runs/35050714980/job/104651626603	
Test Fast 15	pass	8m27s	https://github.com/antiwork/gumroad/actions/runs/35050714980/job/104651626630	
Test Fast 16	pass	8m29s	https://github.com/antiwork/gumroad/actions/runs/35050714980/job/104651626665	
Test Fast 17	pass	8m28s	https://github.com/antiwork/gumroad/actions/runs/35050714980/job/104651626703	
Test Fast 2	pass	8m29s	https://github.com/antiwork/gumroad/actions/runs/35050714980/job/104651626540	
Test Fast 3	pass	8m28s	https://github.com/antiwork/gumroad/actions/runs/35050714980/job/104651626527	
Test Fast 4	pass	8m32s	https://github.com/antiwork/gumroad/actions/runs/35050714980/job/104651626629	
Test Fast 5	pass	8m29s	https://github.com/antiwork/gumroad/actions/runs/35050714980/job/104651626530	
Test Fast 6	pass	8m27s	https://github.com/antiwork/gumroad/actions/runs/35050714980/job/104651626608	
Test Fast 7	pass	8m31s	https://github.com/antiwork/gumroad/actions/runs/35050714980/job/104651626638	
Test Fast 8	pass	8m41s	https://github.com/antiwork/gumroad/actions/runs/35050714980/job/104651626574	
Test Fast 9	pass	8m27s	https://github.com/antiwork/gumroad/actions/runs/35050714980/job/104651626580	
Test Minitest 0	pass	8m7s	https://github.com/antiwork/gumroad/actions/runs/35050714980/job/104650311594	
Test Minitest 1	pass	8m22s	https://github.com/antiwork/gumroad/actions/runs/35050714980/job/104650311485	
Test Slow 0	pass	7m46s	https://github.com/antiwork/gumroad/actions/runs/35050714980/job/104651627548	
Test Slow 1	pass	7m57s	https://github.com/antiwork/gumroad/actions/runs/35050714980/job/104651627158	
Test Slow 10	pass	7m57s	https://github.com/antiwork/gumroad/actions/runs/35050714980/job/104651627094	
Test Slow 11	pass	7m56s	https://github.com/antiwork/gumroad/actions/runs/35050714980/job/104651627162	
Test Slow 12	pass	7m49s	https://github.com/antiwork/gumroad/actions/runs/35050714980/job/104651627181	
Test Slow 13	pass	7m58s	https://github.com/antiwork/gumroad/actions/runs/35050714980/job/104651627172	
Test Slow 14	pass	7m57s	https://github.com/antiwork/gumroad/actions/runs/35050714980/job/104651627129	
Test Slow 15	pass	7m47s	https://github.com/antiwork/gumroad/actions/runs/35050714980/job/104651627188	
Test Slow 16	pass	7m57s	https://github.com/antiwork/gumroad/actions/runs/35050714980/job/104651627208	
Test Slow 17	pass	7m43s	https://github.com/antiwork/gumroad/actions/runs/35050714980/job/104651627269	
Test Slow 18	pass	7m51s	https://github.com/antiwork/gumroad/actions/runs/35050714980/job/104651627110	
Test Slow 19	pass	7m57s	https://github.com/antiwork/gumroad/actions/runs/35050714980/job/104651627185	
Test Slow 2	pass	7m52s	https://github.com/antiwork/gumroad/actions/runs/35050714980/job/104651627118	
Test Slow 20	pass	7m52s	https://github.com/antiwork/gumroad/actions/runs/35050714980/job/104651627284	
Test Slow 21	pass	7m48s	https://github.com/antiwork/gumroad/actions/runs/35050714980/job/104651627202	
Test Slow 22	pass	7m58s	https://github.com/antiwork/gumroad/actions/runs/35050714980/job/104651627388	
Test Slow 23	pass	7m53s	https://github.com/antiwork/gumroad/actions/runs/35050714980/job/104651627370	
Test Slow 24	pass	7m49s	https://github.com/antiwork/gumroad/actions/runs/35050714980/job/104651627184	
Test Slow 25	pass	7m54s	https://github.com/antiwork/gumroad/actions/runs/35050714980/job/104651627408	
Test Slow 26	pass	7m53s	https://github.com/antiwork/gumroad/actions/runs/35050714980/job/104651627169	
Test Slow 27	pass	8m2s	https://github.com/antiwork/gumroad/actions/runs/35050714980/job/104651627271	
Test Slow 28	pass	7m48s	https://github.com/antiwork/gumroad/actions/runs/35050714980/job/104651627250	
Test Slow 29	pass	7m56s	https://github.com/antiwork/gumroad/actions/runs/35050714980/job/104651627267	
Test Slow 3	pass	7m58s	https://github.com/antiwork/gumroad/actions/runs/35050714980/job/104651627083	
Test Slow 30	pass	7m48s	https://github.com/antiwork/gumroad/actions/runs/35050714980/job/104651627322	
Test Slow 31	pass	7m57s	https://github.com/antiwork/gumroad/actions/runs/35050714980/job/104651627235	
Test Slow 32	pass	7m47s	https://github.com/antiwork/gumroad/actions/runs/35050714980/job/104651627221	
Test Slow 33	pass	7m50s	https://github.com/antiwork/gumroad/actions/runs/35050714980/job/104651627350	
Test Slow 34	pass	7m59s	https://github.com/antiwork/gumroad/actions/runs/35050714980/job/104651627311	
Test Slow 35	pass	7m54s	https://github.com/antiwork/gumroad/actions/runs/35050714980/job/104651627265	
Test Slow 36	pass	7m50s	https://github.com/antiwork/gumroad/actions/runs/35050714980/job/104651627251	
Test Slow 37	pass	7m50s	https://github.com/antiwork/gumroad/actions/runs/35050714980/job/104651627362	
Test Slow 38	pass	7m56s	https://github.com/antiwork/gumroad/actions/runs/35050714980/job/104651627275	
Test Slow 39	pass	7m56s	https://github.com/antiwork/gumroad/actions/runs/35050714980/job/104651627189	
Test Slow 4	pass	7m53s	https://github.com/antiwork/gumroad/actions/runs/35050714980/job/104651627097	
Test Slow 40	pass	7m51s	https://github.com/antiwork/gumroad/actions/runs/35050714980/job/104651627232	
Test Slow 41	pass	7m46s	https://github.com/antiwork/gumroad/actions/runs/35050714980/job/104651627297	
Test Slow 43	pass	7m55s	https://github.com/antiwork/gumroad/actions/runs/35050714980/job/104651627246	
Test Slow 44	pass	7m50s	https://github.com/antiwork/gumroad/actions/runs/35050714980/job/104651627299	
Test Slow 45	pass	7m50s	https://github.com/antiwork/gumroad/actions/runs/35050714980/job/104651627417	
Test Slow 46	pass	7m51s	https://github.com/antiwork/gumroad/actions/runs/35050714980/job/104651627436	
Test Slow 47	pass	7m53s	https://github.com/antiwork/gumroad/actions/runs/35050714980/job/104651627347	
Test Slow 48	pass	7m48s	https://github.com/antiwork/gumroad/actions/runs/35050714980/job/104651627352	
Test Slow 49	pass	7m50s	https://github.com/antiwork/gumroad/actions/runs/35050714980/job/104651627342	
Test Slow 5	pass	7m54s	https://github.com/antiwork/gumroad/actions/runs/35050714980/job/104651627206	
Test Slow 6	pass	7m57s	https://github.com/antiwork/gumroad/actions/runs/35050714980/job/104651627072	
Test Slow 7	pass	7m50s	https://github.com/antiwork/gumroad/actions/runs/35050714980/job/104651627163	
Test Slow 8	pass	7m52s	https://github.com/antiwork/gumroad/actions/runs/35050714980/job/104651627135	
Migration versions	skipping	0	https://github.com/antiwork/gumroad/actions/runs/35050716324/job/104650317444	
buildkite/gumroad	pass	0	https://buildkite.com/gumroad-inc/gumroad/builds/23259	Build #23259 passed (19 minutes, 37 seconds)
Compute relevant specs	skipping	0	https://github.com/antiwork/gumroad/actions/runs/35050714980/job/104650355891	
Test Slow 9	pass	7m51s	https://github.com/antiwork/gumroad/actions/runs/35050714980/job/104651627071	
Compute relevant specs	skipping	0	https://github.com/antiwork/gumroad/actions/runs/35050716324/job/104650317696	
Lint Ruby	skipping	0	https://github.com/antiwork/gumroad/actions/runs/35050716324/job/104650317282	
Lint JS/TS	skipping	0	https://github.com/antiwork/gumroad/actions/runs/35050716324/job/104650316899	
deploy	pass	3s	https://github.com/antiwork/gumroad/actions/runs/35050714909/job/104650267467	
Build images${{ (((github.event_name == 'pull_request_target') && (github.event.pull_request.head.repo.full_name == github.repository) && ' (internal PR noop)') || '') }}	skipping	0	https://github.com/antiwork/gumroad/actions/runs/35050716324/job/104650317333	
Typecheck TS	pass	1m44s	https://github.com/antiwork/gumroad/actions/runs/35050714980/job/104650311500	
Reuse full suite	skipping	0	https://github.com/antiwork/gumroad/actions/runs/35050714980/job/104650312737	
Reuse full suite	skipping	0	https://github.com/antiwork/gumroad/actions/runs/35050716324/job/104650317341	
Run scope	skipping	0	https://github.com/antiwork/gumroad/actions/runs/35050716324/job/104650317489	
Test Fast ${{ matrix.ci_node_index }}${{ (((github.event_name == 'pull_request_target') && (github.event.pull_request.head.repo.full_name == github.repository) && ' (internal PR noop)') || '') }}	skipping	0	https://github.com/antiwork/gumroad/actions/runs/35050716324/job/104650317581	
Test Minitest ${{ matrix.ci_node_index }}${{ (((github.event_name == 'pull_request_target') && (github.event.pull_request.head.repo.full_name == github.repository) && ' (internal PR noop)') || '') }}	skipping	0	https://github.com/antiwork/gumroad/actions/runs/35050716324/job/104650317299	
Test Relevant ${{ matrix.ci_node_index }}${{ (((github.event_name == 'pull_request_target') && (github.event.pull_request.head.repo.full_name == github.repository) && ' (internal PR noop)') || '') }}	skipping	0	https://github.com/antiwork/gumroad/actions/runs/35050714980/job/104651627331	
Test Relevant ${{ matrix.ci_node_index }}${{ (((github.event_name == 'pull_request_target') && (github.event.pull_request.head.repo.full_name == github.repository) && ' (internal PR noop)') || '') }}	skipping	0	https://github.com/antiwork/gumroad/actions/runs/35050716324/job/104650317682	
Test Slow ${{ matrix.ci_node_index }}${{ (((github.event_name == 'pull_request_target') && (github.event.pull_request.head.repo.full_name == github.repository) && ' (internal PR noop)') || '') }}	skipping	0	https://github.com/antiwork/gumroad/actions/runs/35050716324/job/104650317625	
Typecheck TS	skipping	0	https://github.com/antiwork/gumroad/actions/runs/35050716324/job/104650316953	
Unblock deployment from Buildkite	skipping	0	https://github.com/antiwork/gumroad/actions/runs/35050714980/job/104653362599	
Unblock deployment from Buildkite	skipping	0	https://github.com/antiwork/gumroad/actions/runs/35050716324/job/104650318166	
Test Slow 42	fail	8m34s	https://github.com/antiwork/gumroad/actions/runs/35050714980/job/104651627374	
ci/green	fail	0	https://github.com/antiwork/gumroad/actions/runs/35050714980	Test suite: failure
Build images	pass	6m38s	https://github.com/antiwork/gumroad/actions/runs/35050714980/job/104650311479	
CI Gate	pass	6s	https://github.com/antiwork/gumroad/actions/runs/35050714980/job/104650267828	
CI Gate (internal PR noop)	pass	6s	https://github.com/antiwork/gumroad/actions/runs/35050716324/job/104650272037	
Lint JS/TS	pass	5m53s	https://github.com/antiwork/gumroad/actions/runs/35050714980/job/104650311436	
Lint Ruby	pass	1m18s	https://github.com/antiwork/gumroad/actions/runs/35050714980/job/104650311470	
Migration versions	pass	59s	https://github.com/antiwork/gumroad/actions/runs/35050714980/job/104650311508	
Run scope	pass	6s	https://github.com/antiwork/gumroad/actions/runs/35050714980/job/104650311496	
Test Fast 0	pass	8m33s	https://github.com/antiwork/gumroad/actions/runs/35050714980/job/104651626494	
Test Fast 1	pass	8m26s	https://github.com/antiwork/gumroad/actions/runs/35050714980/job/104651626622	
Test Fast 10	pass	8m42s	https://github.com/antiwork/gumroad/actions/runs/35050714980/job/104651626553	
Test Fast 11	pass	8m41s	https://github.com/antiwork/gumroad/actions/runs/35050714980/job/104651626517	
Test Fast 12	pass	8m31s	https://github.com/antiwork/gumroad/actions/runs/35050714980/job/104651626552	
Test Fast 13	pass	8m42s	https://github.com/antiwork/gumroad/actions/runs/35050714980/job/104651626563	
Test Fast 14	pass	8m27s	https://github.com/antiwork/gumroad/actions/runs/35050714980/job/104651626603	
Test Fast 15	pass	8m27s	https://github.com/antiwork/gumroad/actions/runs/35050714980/job/104651626630	
Test Fast 16	pass	8m29s	https://github.com/antiwork/gumroad/actions/runs/35050714980/job/104651626665	
Test Fast 17	pass	8m28s	https://github.com/antiwork/gumroad/actions/runs/35050714980/job/104651626703	
Test Fast 2	pass	8m29s	https://github.com/antiwork/gumroad/actions/runs/35050714980/job/104651626540	
Test Fast 3	pass	8m28s	https://github.com/antiwork/gumroad/actions/runs/35050714980/job/104651626527	
Test Fast 4	pass	8m32s	https://github.com/antiwork/gumroad/actions/runs/35050714980/job/104651626629	
Test Fast 5	pass	8m29s	https://github.com/antiwork/gumroad/actions/runs/35050714980/job/104651626530	
Test Fast 6	pass	8m27s	https://github.com/antiwork/gumroad/actions/runs/35050714980/job/104651626608	
Test Fast 7	pass	8m31s	https://github.com/antiwork/gumroad/actions/runs/35050714980/job/104651626638	
Test Fast 8	pass	8m41s	https://github.com/antiwork/gumroad/actions/runs/35050714980/job/104651626574	
Test Fast 9	pass	8m27s	https://github.com/antiwork/gumroad/actions/runs/35050714980/job/104651626580	
Test Minitest 0	pass	8m7s	https://github.com/antiwork/gumroad/actions/runs/35050714980/job/104650311594	
Test Minitest 1	pass	8m22s	https://github.com/antiwork/gumroad/actions/runs/35050714980/job/104650311485	
Test Slow 0	pass	7m46s	https://github.com/antiwork/gumroad/actions/runs/35050714980/job/104651627548	
Test Slow 1	pass	7m57s	https://github.com/antiwork/gumroad/actions/runs/35050714980/job/104651627158	
Test Slow 10	pass	7m57s	https://github.com/antiwork/gumroad/actions/runs/35050714980/job/104651627094	
Test Slow 11	pass	7m56s	https://github.com/antiwork/gumroad/actions/runs/35050714980/job/104651627162	
Test Slow 12	pass	7m49s	https://github.com/antiwork/gumroad/actions/runs/35050714980/job/104651627181	
Test Slow 13	pass	7m58s	https://github.com/antiwork/gumroad/actions/runs/35050714980/job/104651627172	
Test Slow 14	pass	7m57s	https://github.com/antiwork/gumroad/actions/runs/35050714980/job/104651627129	
Test Slow 15	pass	7m47s	https://github.com/antiwork/gumroad/actions/runs/35050714980/job/104651627188	
Test Slow 16	pass	7m57s	https://github.com/antiwork/gumroad/actions/runs/35050714980/job/104651627208	
Test Slow 17	pass	7m43s	https://github.com/antiwork/gumroad/actions/runs/35050714980/job/104651627269	
Test Slow 18	pass	7m51s	https://github.com/antiwork/gumroad/actions/runs/35050714980/job/104651627110	
Test Slow 19	pass	7m57s	https://github.com/antiwork/gumroad/actions/runs/35050714980/job/104651627185	
Test Slow 2	pass	7m52s	https://github.com/antiwork/gumroad/actions/runs/35050714980/job/104651627118	
Test Slow 20	pass	7m52s	https://github.com/antiwork/gumroad/actions/runs/35050714980/job/104651627284	
Test Slow 21	pass	7m48s	https://github.com/antiwork/gumroad/actions/runs/35050714980/job/104651627202	
Test Slow 22	pass	7m58s	https://github.com/antiwork/gumroad/actions/runs/35050714980/job/104651627388	
Test Slow 23	pass	7m53s	https://github.com/antiwork/gumroad/actions/runs/35050714980/job/104651627370	
Test Slow 24	pass	7m49s	https://github.com/antiwork/gumroad/actions/runs/35050714980/job/104651627184	
Test Slow 25	pass	7m54s	https://github.com/antiwork/gumroad/actions/runs/35050714980/job/104651627408	
Test Slow 26	pass	7m53s	https://github.com/antiwork/gumroad/actions/runs/35050714980/job/104651627169	
Test Slow 27	pass	8m2s	https://github.com/antiwork/gumroad/actions/runs/35050714980/job/104651627271	
Test Slow 28	pass	7m48s	https://github.com/antiwork/gumroad/actions/runs/35050714980/job/104651627250	
Test Slow 29	pass	7m56s	https://github.com/antiwork/gumroad/actions/runs/35050714980/job/104651627267	
Test Slow 3	pass	7m58s	https://github.com/antiwork/gumroad/actions/runs/35050714980/job/104651627083	
Test Slow 30	pass	7m48s	https://github.com/antiwork/gumroad/actions/runs/35050714980/job/104651627322	
Test Slow 31	pass	7m57s	https://github.com/antiwork/gumroad/actions/runs/35050714980/job/104651627235	
Test Slow 32	pass	7m47s	https://github.com/antiwork/gumroad/actions/runs/35050714980/job/104651627221	
Test Slow 33	pass	7m50s	https://github.com/antiwork/gumroad/actions/runs/35050714980/job/104651627350	
Test Slow 34	pass	7m59s	https://github.com/antiwork/gumroad/actions/runs/35050714980/job/104651627311	
Test Slow 35	pass	7m54s	https://github.com/antiwork/gumroad/actions/runs/35050714980/job/104651627265	
Test Slow 36	pass	7m50s	https://github.com/antiwork/gumroad/actions/runs/35050714980/job/104651627251	
Test Slow 37	pass	7m50s	https://github.com/antiwork/gumroad/actions/runs/35050714980/job/104651627362	
Test Slow 38	pass	7m56s	https://github.com/antiwork/gumroad/actions/runs/35050714980/job/104651627275	
Test Slow 39	pass	7m56s	https://github.com/antiwork/gumroad/actions/runs/35050714980/job/104651627189	
Test Slow 4	pass	7m53s	https://github.com/antiwork/gumroad/actions/runs/35050714980/job/104651627097	
Test Slow 40	pass	7m51s	https://github.com/antiwork/gumroad/actions/runs/35050714980/job/104651627232	
Test Slow 41	pass	7m46s	https://github.com/antiwork/gumroad/actions/runs/35050714980/job/104651627297	
Test Slow 43	pass	7m55s	https://github.com/antiwork/gumroad/actions/runs/35050714980/job/104651627246	
Test Slow 44	pass	7m50s	https://github.com/antiwork/gumroad/actions/runs/35050714980/job/104651627299	
Test Slow 45	pass	7m50s	https://github.com/antiwork/gumroad/actions/runs/35050714980/job/104651627417	
Test Slow 46	pass	7m51s	https://github.com/antiwork/gumroad/actions/runs/35050714980/job/104651627436	
Test Slow 47	pass	7m53s	https://github.com/antiwork/gumroad/actions/runs/35050714980/job/104651627347	
Test Slow 48	pass	7m48s	https://github.com/antiwork/gumroad/actions/runs/35050714980/job/104651627352	
Test Slow 49	pass	7m50s	https://github.com/antiwork/gumroad/actions/runs/35050714980/job/104651627342	
Test Slow 5	pass	7m54s	https://github.com/antiwork/gumroad/actions/runs/35050714980/job/104651627206	
Test Slow 6	pass	7m57s	https://github.com/antiwork/gumroad/actions/runs/35050714980/job/104651627072	
Test Slow 7	pass	7m50s	https://github.com/antiwork/gumroad/actions/runs/35050714980/job/104651627163	
Test Slow 8	pass	7m52s	https://github.com/antiwork/gumroad/actions/runs/35050714980/job/104651627135	
Migration versions	skipping	0	https://github.com/antiwork/gumroad/actions/runs/35050716324/job/104650317444	
buildkite/gumroad	pass	0	https://buildkite.com/gumroad-inc/gumroad/builds/23259	Build #23259 passed (19 minutes, 37 seconds)
Compute relevant specs	skipping	0	https://github.com/antiwork/gumroad/actions/runs/35050714980/job/104650355891	
Test Slow 9	pass	7m51s	https://github.com/antiwork/gumroad/actions/runs/35050714980/job/104651627071	
Compute relevant specs	skipping	0	https://github.com/antiwork/gumroad/actions/runs/35050716324/job/104650317696	
Lint JS/TS	skipping	0	https://github.com/antiwork/gumroad/actions/runs/35050716324/job/104650316899	
Lint Ruby	skipping	0	https://github.com/antiwork/gumroad/actions/runs/35050716324/job/104650317282	
deploy	pass	3s	https://github.com/antiwork/gumroad/actions/runs/35050714909/job/104650267467	
Build images${{ (((github.event_name == 'pull_request_target') && (github.event.pull_request.head.repo.full_name == github.repository) && ' (internal PR noop)') || '') }}	skipping	0	https://github.com/antiwork/gumroad/actions/runs/35050716324/job/104650317333	
Typecheck TS	pass	1m44s	https://github.com/antiwork/gumroad/actions/runs/35050714980/job/104650311500	
Reuse full suite	skipping	0	https://github.com/antiwork/gumroad/actions/runs/35050714980/job/104650312737	
Reuse full suite	skipping	0	https://github.com/antiwork/gumroad/actions/runs/35050716324/job/104650317341	
Run scope	skipping	0	https://github.com/antiwork/gumroad/actions/runs/35050716324/job/104650317489	
Test Fast ${{ matrix.ci_node_index }}${{ (((github.event_name == 'pull_request_target') && (github.event.pull_request.head.repo.full_name == github.repository) && ' (internal PR noop)') || '') }}	skipping	0	https://github.com/antiwork/gumroad/actions/runs/35050716324/job/104650317581	
Test Minitest ${{ matrix.ci_node_index }}${{ (((github.event_name == 'pull_request_target') && (github.event.pull_request.head.repo.full_name == github.repository) && ' (internal PR noop)') || '') }}	skipping	0	https://github.com/antiwork/gumroad/actions/runs/35050716324/job/104650317299	
Test Relevant ${{ matrix.ci_node_index }}${{ (((github.event_name == 'pull_request_target') && (github.event.pull_request.head.repo.full_name == github.repository) && ' (internal PR noop)') || '') }}	skipping	0	https://github.com/antiwork/gumroad/actions/runs/35050714980/job/104651627331	
Test Relevant ${{ matrix.ci_node_index }}${{ (((github.event_name == 'pull_request_target') && (github.event.pull_request.head.repo.full_name == github.repository) && ' (internal PR noop)') || '') }}	skipping	0	https://github.com/antiwork/gumroad/actions/runs/35050716324/job/104650317682	
Test Slow ${{ matrix.ci_node_index }}${{ (((github.event_name == 'pull_request_target') && (github.event.pull_request.head.repo.full_name == github.repository) && ' (internal PR noop)') || '') }}	skipping	0	https://github.com/antiwork/gumroad/actions/runs/35050716324/job/104650317625	
Typecheck TS	skipping	0	https://github.com/antiwork/gumroad/actions/runs/35050716324/job/104650316953	
Unblock deployment from Buildkite	skipping	0	https://github.com/antiwork/gumroad/actions/runs/35050714980/job/104653362599	
Unblock deployment from Buildkite	skipping	0	https://github.com/antiwork/gumroad/actions/runs/35050716324/job/104650318166	
